Origin,Destination,Travel Date,Source,Final Fare (INR)
DEL,BOM,2026-08-07,MakeMyTrip,49805.70487957099
DEL,BOM,2026-08-07,Ixigo,10416.786809160669
DEL,BOM,2026-08-07,IndiGo,9577.25759312296
DEL,BOM,2026-08-07,AirIndia,9574.082766487241
DEL,BOM,2026-08-07,Akasa,10078.750531367234
DEL,BOM,2026-08-13,MakeMyTrip,7104.224101407365
DEL,BOM,2026-08-13,Ixigo,8444.07754063464
DEL,BOM,2026-08-13,IndiGo,7773.922714277902
DEL,BOM,2026-08-13,AirIndia,8327.191499226086
DEL,BOM,2026-08-13,Akasa,8456.462556987135
DEL,BOM,2026-08-21,MakeMyTrip,7003.783627100193
DEL,BOM,2026-08-21,Ixigo,6590.295295076571
DEL,BOM,2026-08-21,IndiGo,6967.221353171861
DEL,BOM,2026-08-21,AirIndia,6531.049927686914
DEL,BOM,2026-08-21,Akasa,6702.276084151585
DEL,BOM,2026-09-05,MakeMyTrip,5687.953315533393
DEL,BOM,2026-09-05,Ixigo,5876.702119276195
DEL,BOM,2026-09-05,IndiGo,5630.815985683767
DEL,BOM,2026-09-05,AirIndia,5847.916326153283
DEL,BOM,2026-09-05,Akasa,5994.022400983856
DEL,BOM,2026-09-20,MakeMyTrip,4956.34230358672
DEL,BOM,2026-09-20,Ixigo,5273.569771272461
DEL,BOM,2026-09-20,IndiGo,5354.744525154352
DEL,BOM,2026-09-20,AirIndia,4992.09005802904
DEL,BOM,2026-09-20,Akasa,5287.733972821737
DEL,BLR,2026-08-07,MakeMyTrip,12868.128267868626
DEL,BLR,2026-08-07,Ixigo,13035.736579983346
DEL,BLR,2026-08-07,IndiGo,13206.417235546418
DEL,BLR,2026-08-07,AirIndia,12487.759708720054
DEL,BLR,2026-08-07,Akasa,12727.202154504823
DEL,BLR,2026-08-13,MakeMyTrip,10720.230309274106
DEL,BLR,2026-08-13,Ixigo,10257.473617660416
DEL,BLR,2026-08-13,IndiGo,10428.691868362166
DEL,BLR,2026-08-13,AirIndia,10719.168835542578
DEL,BLR,2026-08-13,Akasa,10915.882334768832
DEL,BLR,2026-08-21,MakeMyTrip,8914.05149083816
DEL,BLR,2026-08-21,Ixigo,9019.029175743848
DEL,BLR,2026-08-21,IndiGo,8880.063318957411
DEL,BLR,2026-08-21,AirIndia,9117.762107398577
DEL,BLR,2026-08-21,Akasa,8420.413221453462
DEL,BLR,2026-09-05,MakeMyTrip,7689.074388692996
DEL,BLR,2026-09-05,Ixigo,7251.339210999602
DEL,BLR,2026-09-05,IndiGo,7351.933295155352
DEL,BLR,2026-09-05,AirIndia,7831.344168106452
DEL,BLR,2026-09-05,Akasa,7675.383230211057
DEL,BLR,2026-09-20,MakeMyTrip,6591.343544211665
DEL,BLR,2026-09-20,Ixigo,6511.3654570279805
DEL,BLR,2026-09-20,IndiGo,6706.358794088878
DEL,BLR,2026-09-20,AirIndia,6804.436251140675
DEL,BLR,2026-09-20,Akasa,6901.159677041687
BOM,BLR,2026-08-07,MakeMyTrip,8399.590800412987
BOM,BLR,2026-08-07,Ixigo,8611.887092622504
BOM,BLR,2026-08-07,IndiGo,8491.699371447585
BOM,BLR,2026-08-07,AirIndia,7943.955393533258
BOM,BLR,2026-08-07,Akasa,8238.735148091211
BOM,BLR,2026-08-13,MakeMyTrip,6980.510072682393
BOM,BLR,2026-08-13,Ixigo,6569.603620157671
BOM,BLR,2026-08-13,IndiGo,6474.601116458485
BOM,BLR,2026-08-13,AirIndia,6530.888966181774
BOM,BLR,2026-08-13,Akasa,6868.271774343041
BOM,BLR,2026-08-21,MakeMyTrip,5690.788938713215
BOM,BLR,2026-08-21,Ixigo,5836.400867977316
BOM,BLR,2026-08-21,IndiGo,5602.3754376143315
BOM,BLR,2026-08-21,AirIndia,5431.922311464211
BOM,BLR,2026-08-21,Akasa,5714.3900884116865
BOM,BLR,2026-09-05,MakeMyTrip,4912.078575054997
BOM,BLR,2026-09-05,Ixigo,5025.051971878831
BOM,BLR,2026-09-05,IndiGo,4925.42376917709
BOM,BLR,2026-09-05,AirIndia,4814.786520330722
BOM,BLR,2026-09-05,Akasa,5021.472557992923
BOM,BLR,2026-09-20,MakeMyTrip,4320.347731143724
BOM,BLR,2026-09-20,Ixigo,4131.119844004443
BOM,BLR,2026-09-20,IndiGo,4320.142252894693
BOM,BLR,2026-09-20,AirIndia,4315.82248921023
BOM,BLR,2026-09-20,Akasa,4350.0933694520845
DEL,CCU,2026-08-07,MakeMyTrip,10698.459281213014
DEL,CCU,2026-08-07,Ixigo,11560.211092742444
DEL,CCU,2026-08-07,IndiGo,11227.815648155893
DEL,CCU,2026-08-07,AirIndia,11137.633866108526
DEL,CCU,2026-08-07,Akasa,11508.219048329249
DEL,CCU,2026-08-13,MakeMyTrip,8641.975403916882
DEL,CCU,2026-08-13,Ixigo,9034.062786923447
DEL,CCU,2026-08-13,IndiGo,8512.477287033747
DEL,CCU,2026-08-13,AirIndia,8595.193876896874
DEL,CCU,2026-08-13,Akasa,9274.218247803252
DEL,CCU,2026-08-21,MakeMyTrip,7340.908164195393
DEL,CCU,2026-08-21,Ixigo,7632.960433311197
DEL,CCU,2026-08-21,IndiGo,7318.85707723991
DEL,CCU,2026-08-21,AirIndia,7594.657945173158
DEL,CCU,2026-08-21,Akasa,7378.193996487942
DEL,CCU,2026-09-05,MakeMyTrip,6565.892306654515
DEL,CCU,2026-09-05,Ixigo,6118.30121231137
DEL,CCU,2026-09-05,IndiGo,6446.193506644614
DEL,CCU,2026-09-05,AirIndia,6202.993220823752
DEL,CCU,2026-09-05,Akasa,6662.40884425738
DEL,CCU,2026-09-20,MakeMyTrip,5541.984819222716
DEL,CCU,2026-09-20,Ixigo,5849.720753174297
DEL,CCU,2026-09-20,IndiGo,5833.1804883758405
DEL,CCU,2026-09-20,AirIndia,5516.301578969172
DEL,CCU,2026-09-20,Akasa,5441.955917470737
BLR,HYD,2026-08-07,MakeMyTrip,6208.014117857771
BLR,HYD,2026-08-07,Ixigo,5821.361925368895
BLR,HYD,2026-08-07,IndiGo,49153.85160483237
BLR,HYD,2026-08-07,AirIndia,6145.551806182293
BLR,HYD,2026-08-07,Akasa,6054.642794708823
BLR,HYD,2026-08-13,MakeMyTrip,4636.095932352817
BLR,HYD,2026-08-13,Ixigo,4835.461899695265
BLR,HYD,2026-08-13,IndiGo,5030.227133023935
BLR,HYD,2026-08-13,AirIndia,4867.716820151683
BLR,HYD,2026-08-13,Akasa,4874.958367060047
BLR,HYD,2026-08-21,MakeMyTrip,4116.1044630084
BLR,HYD,2026-08-21,Ixigo,3958.9737452520667
BLR,HYD,2026-08-21,IndiGo,4242.243354262117
BLR,HYD,2026-08-21,AirIndia,4050.057898098395
BLR,HYD,2026-08-21,Akasa,4005.7345475740367
BLR,HYD,2026-09-05,MakeMyTrip,3511.88603889516
BLR,HYD,2026-09-05,Ixigo,3572.8960126198344
BLR,HYD,2026-09-05,IndiGo,3562.535751204931
BLR,HYD,2026-09-05,AirIndia,3546.675667423755
BLR,HYD,2026-09-05,Akasa,3349.2502904052417
BLR,HYD,2026-09-20,MakeMyTrip,3154.651690034617
BLR,HYD,2026-09-20,Ixigo,3115.619655163121
BLR,HYD,2026-09-20,IndiGo,3245.614409874562
BLR,HYD,2026-09-20,AirIndia,3014.4140960005543
BLR,HYD,2026-09-20,Akasa,3085.3253139320555
MAA,DEL,2026-08-07,MakeMyTrip,12107.820867225359
MAA,DEL,2026-08-07,Ixigo,11789.822831096442
MAA,DEL,2026-08-07,IndiGo,12659.153768420638
MAA,DEL,2026-08-07,AirIndia,11968.222250939914
MAA,DEL,2026-08-07,Akasa,12027.859671476608
MAA,DEL,2026-08-13,MakeMyTrip,10275.861011634037
MAA,DEL,2026-08-13,Ixigo,9616.717768081584
MAA,DEL,2026-08-13,IndiGo,9495.71427868422
MAA,DEL,2026-08-13,AirIndia,9575.749557958752
MAA,DEL,2026-08-13,Akasa,10020.709128407836
MAA,DEL,2026-08-21,MakeMyTrip,8576.761221482942
MAA,DEL,2026-08-21,Ixigo,8650.460235717987
MAA,DEL,2026-08-21,IndiGo,8614.063515610089
MAA,DEL,2026-08-21,AirIndia,8434.459536869188
MAA,DEL,2026-08-21,Akasa,8425.70294583418
MAA,DEL,2026-09-05,MakeMyTrip,6974.258028014704
MAA,DEL,2026-09-05,Ixigo,6834.337185628836
MAA,DEL,2026-09-05,IndiGo,6883.599304016278
MAA,DEL,2026-09-05,AirIndia,7005.054343943613
MAA,DEL,2026-09-05,Akasa,7347.4450931369865
MAA,DEL,2026-09-20,MakeMyTrip,6028.854331564764
MAA,DEL,2026-09-20,Ixigo,6304.146403053018
MAA,DEL,2026-09-20,IndiGo,6251.793964804746
MAA,DEL,2026-09-20,AirIndia,6466.954929590992
MAA,DEL,2026-09-20,Akasa,6310.916499589741
DEL,BOM,2026-08-08,MakeMyTrip,9946.056092334826
DEL,BOM,2026-08-08,Ixigo,9727.738887918269
DEL,BOM,2026-08-08,IndiGo,10087.755792056594
DEL,BOM,2026-08-08,AirIndia,10213.467623806562
DEL,BOM,2026-08-08,Akasa,10412.314054261204
DEL,BOM,2026-08-14,MakeMyTrip,7968.849341528251
DEL,BOM,2026-08-14,Ixigo,8399.830948340474
DEL,BOM,2026-08-14,IndiGo,8364.926277774626
DEL,BOM,2026-08-14,AirIndia,7754.042600243246
DEL,BOM,2026-08-14,Akasa,7766.944066882434
DEL,BOM,2026-08-22,MakeMyTrip,6498.009746212128
DEL,BOM,2026-08-22,Ixigo,6576.924934699157
DEL,BOM,2026-08-22,IndiGo,6844.579291189928
DEL,BOM,2026-08-22,AirIndia,6976.543299564866
DEL,BOM,2026-08-22,Akasa,6944.9772690415275
DEL,BOM,2026-09-06,MakeMyTrip,5610.908290599115
DEL,BOM,2026-09-06,Ixigo,5660.78378877571
DEL,BOM,2026-09-06,IndiGo,5607.48263285957
DEL,BOM,2026-09-06,AirIndia,5996.414590147698
DEL,BOM,2026-09-06,Akasa,5573.857447249571
DEL,BOM,2026-09-21,MakeMyTrip,4967.005070883937
DEL,BOM,2026-09-21,Ixigo,5138.245769288969
DEL,BOM,2026-09-21,IndiGo,5243.363042495668
DEL,BOM,2026-09-21,AirIndia,5145.770564568152
DEL,BOM,2026-09-21,Akasa,5233.768179012237
DEL,BLR,2026-08-08,MakeMyTrip,12987.21992615193
DEL,BLR,2026-08-08,Ixigo,13518.60769763089
DEL,BLR,2026-08-08,IndiGo,13556.81148245492
DEL,BLR,2026-08-08,AirIndia,13210.375937319115
DEL,BLR,2026-08-08,Akasa,13517.63680318579
DEL,BLR,2026-08-14,MakeMyTrip,10819.843736522245
DEL,BLR,2026-08-14,Ixigo,10903.89249471588
DEL,BLR,2026-08-14,IndiGo,10092.26957522939
DEL,BLR,2026-08-14,AirIndia,10779.320835573479
DEL,BLR,2026-08-14,Akasa,10506.213851874398
DEL,BLR,2026-08-22,MakeMyTrip,8575.987238445145
DEL,BLR,2026-08-22,Ixigo,8882.420204548975
DEL,BLR,2026-08-22,IndiGo,8749.573455352898
DEL,BLR,2026-08-22,AirIndia,8985.68224999879
DEL,BLR,2026-08-22,Akasa,8490.05665816493
DEL,BLR,2026-09-06,MakeMyTrip,7561.994520284011
DEL,BLR,2026-09-06,Ixigo,7330.817900197803
DEL,BLR,2026-09-06,IndiGo,7880.918100700519
DEL,BLR,2026-09-06,AirIndia,7776.734520657995
DEL,BLR,2026-09-06,Akasa,7392.963173037506
DEL,BLR,2026-09-21,MakeMyTrip,6394.567409875838
DEL,BLR,2026-09-21,Ixigo,6968.283850352942
DEL,BLR,2026-09-21,IndiGo,6922.716009171347
DEL,BLR,2026-09-21,AirIndia,6646.7348516086095
DEL,BLR,2026-09-21,Akasa,6966.351815308356
BOM,BLR,2026-08-08,MakeMyTrip,8274.342987542379
BOM,BLR,2026-08-08,Ixigo,8002.9757621585095
BOM,BLR,2026-08-08,IndiGo,8675.122596308167
BOM,BLR,2026-08-08,AirIndia,8357.648162433823
BOM,BLR,2026-08-08,Akasa,8241.43594082646
BOM,BLR,2026-08-14,MakeMyTrip,6560.484268263657
BOM,BLR,2026-08-14,Ixigo,6428.864897114188
BOM,BLR,2026-08-14,IndiGo,6534.4765760568625
BOM,BLR,2026-08-14,AirIndia,6717.939717799913
BOM,BLR,2026-08-14,Akasa,6805.652622297499
BOM,BLR,2026-08-22,MakeMyTrip,5507.878663766997
BOM,BLR,2026-08-22,Ixigo,5720.320395342946
BOM,BLR,2026-08-22,IndiGo,5706.379372146649
BOM,BLR,2026-08-22,AirIndia,5644.3299483415085
BOM,BLR,2026-08-22,Akasa,5430.267522505734
BOM,BLR,2026-09-06,MakeMyTrip,4935.118801991836
BOM,BLR,2026-09-06,Ixigo,4652.639927664389
BOM,BLR,2026-09-06,IndiGo,5022.728525102343
BOM,BLR,2026-09-06,Akasa,5031.427543126687
BOM,BLR,2026-09-21,MakeMyTrip,4470.349686406653
BOM,BLR,2026-09-21,Ixigo,48894.68479041715
BOM,BLR,2026-09-21,IndiGo,4488.7693524626775
BOM,BLR,2026-09-21,AirIndia,4278.497753072546
BOM,BLR,2026-09-21,Akasa,4132.681967843074
DEL,CCU,2026-08-08,MakeMyTrip,11113.692117739065
DEL,CCU,2026-08-08,IndiGo,11134.385092787012
DEL,CCU,2026-08-08,AirIndia,11164.674280435116
DEL,CCU,2026-08-08,Akasa,10969.058700424215
DEL,CCU,2026-08-14,MakeMyTrip,9179.893764278919
DEL,CCU,2026-08-14,Ixigo,9325.020637154814
DEL,CCU,2026-08-14,IndiGo,8627.224199752827
DEL,CCU,2026-08-14,AirIndia,8729.24040721225
DEL,CCU,2026-08-14,Akasa,9000.09814243842
DEL,CCU,2026-08-22,MakeMyTrip,7834.833910994967
DEL,CCU,2026-08-22,Ixigo,7824.442519885649
DEL,CCU,2026-08-22,IndiGo,7451.444288742556
DEL,CCU,2026-08-22,AirIndia,7481.228692878864
DEL,CCU,2026-08-22,Akasa,7518.339657356102
DEL,CCU,2026-09-06,MakeMyTrip,6597.701088078623
DEL,CCU,2026-09-06,Ixigo,6435.280210475003
DEL,CCU,2026-09-06,IndiGo,6307.040526416992
DEL,CCU,2026-09-06,AirIndia,6654.460944434761
DEL,CCU,2026-09-06,Akasa,6327.8133015787125
DEL,CCU,2026-09-21,MakeMyTrip,5943.439640828379
DEL,CCU,2026-09-21,Ixigo,5748.1344769396
DEL,CCU,2026-09-21,IndiGo,5610.94317523768
DEL,CCU,2026-09-21,AirIndia,5973.494639544859
DEL,CCU,2026-09-21,Akasa,5706.770127838417
BLR,HYD,2026-08-08,MakeMyTrip,5990.056092958938
BLR,HYD,2026-08-08,Ixigo,5924.23791400479
BLR,HYD,2026-08-08,IndiGo,5958.012915350549
BLR,HYD,2026-08-08,AirIndia,6084.694180408889
BLR,HYD,2026-08-08,Akasa,6074.281597425742
BLR,HYD,2026-08-14,MakeMyTrip,4939.565850196472
BLR,HYD,2026-08-14,Ixigo,4893.592077703908
BLR,HYD,2026-08-14,IndiGo,5066.106821478341
BLR,HYD,2026-08-14,AirIndia,4958.47707272014
BLR,HYD,2026-08-14,Akasa,4688.783258587072
BLR,HYD,2026-08-22,MakeMyTrip,4017.103241924973
BLR,HYD,2026-08-22,Ixigo,4057.3269857563873
BLR,HYD,2026-08-22,IndiGo,4152.337115863235
BLR,HYD,2026-08-22,AirIndia,4124.978786926569
BLR,HYD,2026-08-22,Akasa,4082.669392803127
BLR,HYD,2026-09-06,MakeMyTrip,3560.3695941076394
BLR,HYD,2026-09-06,Ixigo,3644.3089496992043
BLR,HYD,2026-09-06,IndiGo,3531.005250521236
BLR,HYD,2026-09-06,AirIndia,3451.4268208943636
BLR,HYD,2026-09-06,Akasa,3502.1375144787207
BLR,HYD,2026-09-21,MakeMyTrip,3132.899011937754
BLR,HYD,2026-09-21,Ixigo,3158.8931121038454
BLR,HYD,2026-09-21,IndiGo,3273.288585788232
BLR,HYD,2026-09-21,AirIndia,3156.3724397970577
BLR,HYD,2026-09-21,Akasa,3254.183294735725
MAA,DEL,2026-08-08,MakeMyTrip,12720.499455919024
MAA,DEL,2026-08-08,Ixigo,12524.834144523827
MAA,DEL,2026-08-08,IndiGo,12626.513212949187
MAA,DEL,2026-08-08,AirIndia,11874.248798937931
MAA,DEL,2026-08-14,MakeMyTrip,9866.534497828254
MAA,DEL,2026-08-14,Ixigo,10402.953463732687
MAA,DEL,2026-08-14,IndiGo,9624.408124547626
MAA,DEL,2026-08-14,AirIndia,9750.408890176368
MAA,DEL,2026-08-14,Akasa,10394.65971522526
MAA,DEL,2026-08-22,MakeMyTrip,8481.813121027568
MAA,DEL,2026-08-22,Ixigo,8584.937927813224
MAA,DEL,2026-08-22,IndiGo,8150.671566396525
MAA,DEL,2026-08-22,AirIndia,8540.254524499254
MAA,DEL,2026-08-22,Akasa,8451.442276348358
MAA,DEL,2026-09-06,MakeMyTrip,7114.547975204137
MAA,DEL,2026-09-06,Ixigo,7417.828382279183
MAA,DEL,2026-09-06,IndiGo,7355.364868470066
MAA,DEL,2026-09-06,AirIndia,7071.369813697677
MAA,DEL,2026-09-06,Akasa,7472.959591291276
MAA,DEL,2026-09-21,MakeMyTrip,6110.3401097604965
MAA,DEL,2026-09-21,Ixigo,6448.516554299863
MAA,DEL,2026-09-21,IndiGo,6466.676103542959
MAA,DEL,2026-09-21,AirIndia,6531.254130522783
MAA,DEL,2026-09-21,Akasa,6444.775925250172
DEL,BOM,2026-08-09,MakeMyTrip,10421.35488623608
DEL,BOM,2026-08-09,Ixigo,10117.40066621748
DEL,BOM,2026-08-09,IndiGo,9974.382297980492
DEL,BOM,2026-08-09,AirIndia,10390.802418333426
DEL,BOM,2026-08-09,Akasa,10210.279541613421
DEL,BOM,2026-08-15,MakeMyTrip,7988.970278753762
DEL,BOM,2026-08-15,Ixigo,7781.841721367686
DEL,BOM,2026-08-15,IndiGo,7897.05004452576
DEL,BOM,2026-08-15,AirIndia,7843.569256119749
DEL,BOM,2026-08-15,Akasa,8399.395197989781
DEL,BOM,2026-08-23,MakeMyTrip,6653.487271971258
DEL,BOM,2026-08-23,IndiGo,6524.304990442271
DEL,BOM,2026-08-23,AirIndia,6976.0345105510505
DEL,BOM,2026-08-23,Akasa,6876.992402578736
DEL,BOM,2026-09-07,MakeMyTrip,5585.65571189585
DEL,BOM,2026-09-07,Ixigo,5728.697648492378
DEL,BOM,2026-09-07,IndiGo,6114.7115649788075
DEL,BOM,2026-09-07,AirIndia,5621.433071915915
DEL,BOM,2026-09-07,Akasa,6059.7025330243205
DEL,BOM,2026-09-22,MakeMyTrip,5004.290950629916
DEL,BOM,2026-09-22,Ixigo,5290.648435155147
DEL,BOM,2026-09-22,IndiGo,5086.737143752473
DEL,BOM,2026-09-22,AirIndia,5330.205181410494
DEL,BOM,2026-09-22,Akasa,5371.5538932058425
DEL,BLR,2026-08-09,MakeMyTrip,13032.990631245779
DEL,BLR,2026-08-09,Ixigo,13035.477957872712
DEL,BLR,2026-08-09,IndiGo,13001.27072177728
DEL,BLR,2026-08-09,AirIndia,13334.013066509515
DEL,BLR,2026-08-09,Akasa,12564.45069033135
DEL,BLR,2026-08-15,MakeMyTrip,10405.622369775203
DEL,BLR,2026-08-15,Ixigo,11003.380888250415
DEL,BLR,2026-08-15,IndiGo,10444.684687906545
DEL,BLR,2026-08-15,AirIndia,10961.637583187237
DEL,BLR,2026-08-15,Akasa,10344.003853204236
DEL,BLR,2026-08-23,MakeMyTrip,8535.469392438816
DEL,BLR,2026-08-23,Ixigo,9124.586973469477
DEL,BLR,2026-08-23,IndiGo,8596.398145607103
DEL,BLR,2026-08-23,AirIndia,9101.601601705217
DEL,BLR,2026-08-23,Akasa,8425.879276223775
DEL,BLR,2026-09-07,MakeMyTrip,7208.954544552145
DEL,BLR,2026-09-07,Ixigo,7442.471133813496
DEL,BLR,2026-09-07,IndiGo,7664.568913499715
DEL,BLR,2026-09-07,AirIndia,7892.571829953467
DEL,BLR,2026-09-07,Akasa,7460.721322230922
DEL,BLR,2026-09-22,MakeMyTrip,6576.983233303428
DEL,BLR,2026-09-22,Ixigo,6431.964764376952
DEL,BLR,2026-09-22,IndiGo,6772.874835481361
DEL,BLR,2026-09-22,AirIndia,6801.088084397654
DEL,BLR,2026-09-22,Akasa,6552.371760882148
BOM,BLR,2026-08-09,MakeMyTrip,8240.812913837424
BOM,BLR,2026-08-09,Ixigo,8286.170400006844
BOM,BLR,2026-08-09,IndiGo,8213.10360416373
BOM,BLR,2026-08-09,AirIndia,8138.057843935076
BOM,BLR,2026-08-09,Akasa,8101.3523700929045
BOM,BLR,2026-08-15,MakeMyTrip,6855.514989047245
BOM,BLR,2026-08-15,Ixigo,6827.786446343542
BOM,BLR,2026-08-15,IndiGo,6604.191622876714
BOM,BLR,2026-08-15,AirIndia,6656.684562765486
BOM,BLR,2026-08-15,Akasa,6577.893762803068
BOM,BLR,2026-08-23,MakeMyTrip,5705.952887169322
BOM,BLR,2026-08-23,Ixigo,5879.782244082344
BOM,BLR,2026-08-23,IndiGo,5808.2509828804405
BOM,BLR,2026-08-23,AirIndia,5814.89287984185
BOM,BLR,2026-08-23,Akasa,5644.015006774669
BOM,BLR,2026-09-07,MakeMyTrip,4758.828576724144
BOM,BLR,2026-09-07,Ixigo,4836.304557000011
BOM,BLR,2026-09-07,IndiGo,5015.5000777982505
BOM,BLR,2026-09-07,AirIndia,4897.462270043308
BOM,BLR,2026-09-07,Akasa,4720.969682028483
BOM,BLR,2026-09-22,MakeMyTrip,4402.050265094561
BOM,BLR,2026-09-22,Ixigo,4284.016886773452
BOM,BLR,2026-09-22,IndiGo,4370.854953369839
BOM,BLR,2026-09-22,AirIndia,4492.966393578549
BOM,BLR,2026-09-22,Akasa,4158.867760245212
DEL,CCU,2026-08-09,MakeMyTrip,10926.441644714869
DEL,CCU,2026-08-09,Ixigo,11148.14132158756
DEL,CCU,2026-08-09,IndiGo,10659.848484636957
DEL,CCU,2026-08-09,AirIndia,11535.041884675597
DEL,CCU,2026-08-09,Akasa,11147.849646864972
DEL,CCU,2026-08-15,MakeMyTrip,7824.8697661134365
DEL,CCU,2026-08-15,Ixigo,8973.336144748337
DEL,CCU,2026-08-15,IndiGo,9241.825495719819
DEL,CCU,2026-08-15,AirIndia,8976.095362518612
DEL,CCU,2026-08-15,Akasa,8918.173439365411
DEL,CCU,2026-08-23,MakeMyTrip,7280.174982587134
DEL,CCU,2026-08-23,Ixigo,7460.8615409871745
DEL,CCU,2026-08-23,IndiGo,7735.810287520883
DEL,CCU,2026-08-23,AirIndia,7233.7498825454495
DEL,CCU,2026-08-23,Akasa,7688.4796588102545
DEL,CCU,2026-09-07,MakeMyTrip,6228.005464453764
DEL,CCU,2026-09-07,Ixigo,6698.771095531988
DEL,CCU,2026-09-07,IndiGo,6542.369149676236
DEL,CCU,2026-09-07,AirIndia,6325.803672122419
DEL,CCU,2026-09-07,Akasa,6214.135350924273
DEL,CCU,2026-09-22,MakeMyTrip,5943.644685129474
DEL,CCU,2026-09-22,IndiGo,5571.877760726003
DEL,CCU,2026-09-22,AirIndia,5906.777424294602
DEL,CCU,2026-09-22,Akasa,5849.441292880422
BLR,HYD,2026-08-09,MakeMyTrip,6200.697621833683
BLR,HYD,2026-08-09,Ixigo,5790.041439068333
BLR,HYD,2026-08-09,IndiGo,6057.591619877281
BLR,HYD,2026-08-09,AirIndia,5727.169580758212
BLR,HYD,2026-08-09,Akasa,6253.694884910529
BLR,HYD,2026-08-15,MakeMyTrip,4826.090471564106
BLR,HYD,2026-08-15,Ixigo,4978.694058336331
BLR,HYD,2026-08-15,IndiGo,4930.442366127789
BLR,HYD,2026-08-15,AirIndia,4971.901148657858
BLR,HYD,2026-08-15,Akasa,4812.320968183014
BLR,HYD,2026-08-23,MakeMyTrip,4130.7830014762
BLR,HYD,2026-08-23,Ixigo,4083.745715628395
BLR,HYD,2026-08-23,IndiGo,4222.235359389325
BLR,HYD,2026-08-23,AirIndia,4190.854326778615
BLR,HYD,2026-08-23,Akasa,4216.60725392161
BLR,HYD,2026-09-07,MakeMyTrip,3506.689695900204
BLR,HYD,2026-09-07,Ixigo,3378.4781838284534
BLR,HYD,2026-09-07,IndiGo,3681.796148160375
BLR,HYD,2026-09-07,AirIndia,3661.2693939180995
BLR,HYD,2026-09-07,Akasa,3616.334015523905
BLR,HYD,2026-09-22,MakeMyTrip,3135.496033987303
BLR,HYD,2026-09-22,IndiGo,3174.2861834459454
BLR,HYD,2026-09-22,AirIndia,2661.685391847496
BLR,HYD,2026-09-22,Akasa,3258.5245484115567
MAA,DEL,2026-08-09,MakeMyTrip,12402.72425379556
MAA,DEL,2026-08-09,Ixigo,12298.635259466128
MAA,DEL,2026-08-09,IndiGo,12283.32308062337
MAA,DEL,2026-08-09,AirIndia,12957.723321891333
MAA,DEL,2026-08-09,Akasa,12392.998894065844
MAA,DEL,2026-08-15,MakeMyTrip,9861.413370367463
MAA,DEL,2026-08-15,Ixigo,10432.351172143191
MAA,DEL,2026-08-15,IndiGo,10246.236593888321
MAA,DEL,2026-08-15,AirIndia,10091.305248284674
MAA,DEL,2026-08-23,MakeMyTrip,8743.44855193568
MAA,DEL,2026-08-23,Ixigo,8061.929733996503
MAA,DEL,2026-08-23,AirIndia,8750.137944547698
MAA,DEL,2026-08-23,Akasa,8560.149595793298
MAA,DEL,2026-09-07,MakeMyTrip,7339.992963071332
MAA,DEL,2026-09-07,Ixigo,6890.534042361491
MAA,DEL,2026-09-07,IndiGo,7106.415165548727
MAA,DEL,2026-09-07,AirIndia,7145.081690421821
MAA,DEL,2026-09-07,Akasa,7353.898221697632
MAA,DEL,2026-09-22,MakeMyTrip,6403.975020816974
MAA,DEL,2026-09-22,Ixigo,6234.04665764954
MAA,DEL,2026-09-22,IndiGo,6225.155403020196
MAA,DEL,2026-09-22,AirIndia,6456.729263569383
MAA,DEL,2026-09-22,Akasa,6565.6511254367315
DEL,BOM,2026-08-10,MakeMyTrip,10229.998014007018
DEL,BOM,2026-08-10,Ixigo,10261.057400933014
DEL,BOM,2026-08-10,IndiGo,10338.145341805024
DEL,BOM,2026-08-10,AirIndia,10434.876150695854
DEL,BOM,2026-08-10,Akasa,9727.361738230193
DEL,BOM,2026-08-16,MakeMyTrip,8026.726730926925
DEL,BOM,2026-08-16,Ixigo,7863.206227500143
DEL,BOM,2026-08-16,IndiGo,8090.805957920418
DEL,BOM,2026-08-16,AirIndia,8030.486903731674
DEL,BOM,2026-08-16,Akasa,8495.532934804201
DEL,BOM,2026-08-24,MakeMyTrip,7008.462661510807
DEL,BOM,2026-08-24,Ixigo,6688.944429987861
DEL,BOM,2026-08-24,IndiGo,6582.562236936571
DEL,BOM,2026-08-24,AirIndia,7089.2351471261445
DEL,BOM,2026-08-24,Akasa,6947.7205224420795
DEL,BOM,2026-09-08,MakeMyTrip,5764.926156825585
DEL,BOM,2026-09-08,Ixigo,6066.772391305946
DEL,BOM,2026-09-08,IndiGo,6086.746937770649
DEL,BOM,2026-09-08,AirIndia,5696.564154372734
DEL,BOM,2026-09-23,MakeMyTrip,5251.522810698572
DEL,BOM,2026-09-23,Ixigo,5441.341954960873
DEL,BOM,2026-09-23,IndiGo,5328.506939964253
DEL,BOM,2026-09-23,AirIndia,5428.015419320211
DEL,BOM,2026-09-23,Akasa,5284.899059505875
DEL,BLR,2026-08-10,MakeMyTrip,13233.009712965097
DEL,BLR,2026-08-10,Ixigo,13124.135507107789
DEL,BLR,2026-08-10,IndiGo,12675.613728368337
DEL,BLR,2026-08-10,AirIndia,12768.504166826438
DEL,BLR,2026-08-10,Akasa,13563.967062615784
DEL,BLR,2026-08-16,MakeMyTrip,10325.039807286132
DEL,BLR,2026-08-16,Ixigo,10139.376282162259
DEL,BLR,2026-08-16,IndiGo,10201.700003802867
DEL,BLR,2026-08-16,AirIndia,10389.827820461966
DEL,BLR,2026-08-16,Akasa,10929.47869368334
DEL,BLR,2026-08-24,MakeMyTrip,8912.592187292761
DEL,BLR,2026-08-24,Ixigo,8947.922988519718
DEL,BLR,2026-08-24,IndiGo,8628.923762524664
DEL,BLR,2026-08-24,AirIndia,8807.270281930865
DEL,BLR,2026-08-24,Akasa,8774.858108997012
DEL,BLR,2026-09-08,MakeMyTrip,7306.057412702067
DEL,BLR,2026-09-08,Ixigo,7919.475142233319
DEL,BLR,2026-09-08,IndiGo,7754.30088363713
DEL,BLR,2026-09-08,AirIndia,7377.303974135801
DEL,BLR,2026-09-08,Akasa,7304.029730054895
DEL,BLR,2026-09-23,MakeMyTrip,6784.191618465808
DEL,BLR,2026-09-23,Ixigo,6599.614357644608
DEL,BLR,2026-09-23,IndiGo,6878.898905879763
DEL,BLR,2026-09-23,AirIndia,6709.4369443081305
DEL,BLR,2026-09-23,Akasa,6995.636556809435
BOM,BLR,2026-08-10,MakeMyTrip,8379.57188670777
BOM,BLR,2026-08-10,IndiGo,7024.8046776692545
BOM,BLR,2026-08-10,AirIndia,8221.723700130971
BOM,BLR,2026-08-10,Akasa,8573.45512754256
BOM,BLR,2026-08-16,MakeMyTrip,6472.19661842245
BOM,BLR,2026-08-16,Ixigo,7022.274186377572
BOM,BLR,2026-08-16,IndiGo,6482.199124358224
BOM,BLR,2026-08-16,AirIndia,6415.5247287607335
BOM,BLR,2026-08-16,Akasa,6962.238535277259
BOM,BLR,2026-08-24,MakeMyTrip,5461.57331787882
BOM,BLR,2026-08-24,Ixigo,5534.613796497832
BOM,BLR,2026-08-24,IndiGo,5636.436223680666
BOM,BLR,2026-08-24,AirIndia,5383.654228711959
BOM,BLR,2026-08-24,Akasa,5686.572512345637
BOM,BLR,2026-09-08,MakeMyTrip,4925.963742982192
BOM,BLR,2026-09-08,Ixigo,4716.869794547055
BOM,BLR,2026-09-08,IndiGo,4851.583886910132
BOM,BLR,2026-09-08,AirIndia,4986.6339146930595
BOM,BLR,2026-09-23,MakeMyTrip,4416.559765509842
BOM,BLR,2026-09-23,Ixigo,4131.027593288179
BOM,BLR,2026-09-23,IndiGo,4236.302932947687
BOM,BLR,2026-09-23,AirIndia,4231.776934282019
BOM,BLR,2026-09-23,Akasa,4324.933879421639
DEL,CCU,2026-08-10,MakeMyTrip,11317.441220281038
DEL,CCU,2026-08-10,Ixigo,10827.526049157414
DEL,CCU,2026-08-10,IndiGo,10862.93857456637
DEL,CCU,2026-08-10,AirIndia,10932.602893757516
DEL,CCU,2026-08-10,Akasa,10963.0556457508
DEL,CCU,2026-08-16,MakeMyTrip,8805.026756685991
DEL,CCU,2026-08-16,Ixigo,9333.318708597546
DEL,CCU,2026-08-16,IndiGo,9254.119262574757
DEL,CCU,2026-08-16,AirIndia,8623.626360441756
DEL,CCU,2026-08-16,Akasa,9204.348549131522
DEL,CCU,2026-08-24,MakeMyTrip,7854.7487713024475
DEL,CCU,2026-08-24,Ixigo,7624.951915347781
DEL,CCU,2026-08-24,IndiGo,7664.167966857637
DEL,CCU,2026-08-24,AirIndia,7217.138397295264
DEL,CCU,2026-08-24,Akasa,7251.935055793487
DEL,CCU,2026-09-08,MakeMyTrip,6749.164311485763
DEL,CCU,2026-09-08,Ixigo,6440.052907294007
DEL,CCU,2026-09-08,IndiGo,6322.932732278411
DEL,CCU,2026-09-08,AirIndia,6500.638951530129
DEL,CCU,2026-09-08,Akasa,6723.780231172504
DEL,CCU,2026-09-23,MakeMyTrip,5938.4840784556145
DEL,CCU,2026-09-23,Ixigo,5674.949876049685
DEL,CCU,2026-09-23,IndiGo,5962.268516094851
DEL,CCU,2026-09-23,AirIndia,5767.800350087319
DEL,CCU,2026-09-23,Akasa,5706.098481942005
BLR,HYD,2026-08-10,MakeMyTrip,6219.783704540156
BLR,HYD,2026-08-10,Ixigo,5868.546932498225
BLR,HYD,2026-08-10,IndiGo,6129.6753696334645
BLR,HYD,2026-08-10,AirIndia,5721.109952128687
BLR,HYD,2026-08-10,Akasa,6097.3574904702
BLR,HYD,2026-08-16,MakeMyTrip,4921.623788406548
BLR,HYD,2026-08-16,Ixigo,4779.949508373998
BLR,HYD,2026-08-16,IndiGo,5077.957961565048
BLR,HYD,2026-08-16,AirIndia,4749.343866892356
BLR,HYD,2026-08-16,Akasa,4768.106445074351
BLR,HYD,2026-08-24,MakeMyTrip,4157.035024442141
BLR,HYD,2026-08-24,Ixigo,3953.6327527459644
BLR,HYD,2026-08-24,IndiGo,4099.613440319254
BLR,HYD,2026-08-24,AirIndia,4026.8530249499076
BLR,HYD,2026-08-24,Akasa,4142.198264634432
BLR,HYD,2026-09-08,MakeMyTrip,3416.876157475694
BLR,HYD,2026-09-08,Ixigo,3501.6853475811786
BLR,HYD,2026-09-08,IndiGo,3540.9715271042614
BLR,HYD,2026-09-08,AirIndia,3447.317783216026
BLR,HYD,2026-09-08,Akasa,3511.6632802424147
BLR,HYD,2026-09-23,MakeMyTrip,3038.510594941935
BLR,HYD,2026-09-23,Ixigo,3169.704648826179
BLR,HYD,2026-09-23,IndiGo,3154.7872888103125
BLR,HYD,2026-09-23,AirIndia,3172.6807070697027
BLR,HYD,2026-09-23,Akasa,3236.938127543528
MAA,DEL,2026-08-10,MakeMyTrip,12355.906661239016
MAA,DEL,2026-08-10,Ixigo,12779.835738244474
MAA,DEL,2026-08-10,IndiGo,12791.384401349515
MAA,DEL,2026-08-10,AirIndia,11857.643071402594
MAA,DEL,2026-08-10,Akasa,13006.511601176522
MAA,DEL,2026-08-16,MakeMyTrip,9532.984373846364
MAA,DEL,2026-08-16,Ixigo,10123.662021718952
MAA,DEL,2026-08-16,IndiGo,10463.981932211405
MAA,DEL,2026-08-16,AirIndia,9579.978899580381
MAA,DEL,2026-08-16,Akasa,10135.29472216151
MAA,DEL,2026-08-24,MakeMyTrip,8285.819387620377
MAA,DEL,2026-08-24,Ixigo,7971.340493694976
MAA,DEL,2026-08-24,IndiGo,8633.165201440032
MAA,DEL,2026-08-24,AirIndia,8191.045229632307
MAA,DEL,2026-08-24,Akasa,8059.626617375098
MAA,DEL,2026-09-08,MakeMyTrip,7343.870261625081
MAA,DEL,2026-09-08,Ixigo,6959.655524822921
MAA,DEL,2026-09-08,IndiGo,7228.415770232588
MAA,DEL,2026-09-08,AirIndia,7326.365388989403
MAA,DEL,2026-09-08,Akasa,6967.331689862155
MAA,DEL,2026-09-23,MakeMyTrip,6356.46658902401
MAA,DEL,2026-09-23,Ixigo,6244.47034194183
MAA,DEL,2026-09-23,IndiGo,6245.536724042158
MAA,DEL,2026-09-23,AirIndia,6366.973617763371
MAA,DEL,2026-09-23,Akasa,6388.445761256585
DEL,BOM,2026-08-11,MakeMyTrip,10236.515554056656
DEL,BOM,2026-08-11,Ixigo,10576.332740459937
DEL,BOM,2026-08-11,IndiGo,10393.33662038053
DEL,BOM,2026-08-11,AirIndia,9768.66144794754
DEL,BOM,2026-08-11,Akasa,9858.6951922583
DEL,BOM,2026-08-17,MakeMyTrip,8390.34758114415
DEL,BOM,2026-08-17,Ixigo,8517.530378709234
DEL,BOM,2026-08-17,IndiGo,7948.440118029213
DEL,BOM,2026-08-17,AirIndia,8481.764327714887
DEL,BOM,2026-08-17,Akasa,8326.609826536409
DEL,BOM,2026-08-25,MakeMyTrip,6955.534781103777
DEL,BOM,2026-08-25,Ixigo,7041.219996992884
DEL,BOM,2026-08-25,IndiGo,6656.79447235596
DEL,BOM,2026-08-25,AirIndia,6097.371755235988
DEL,BOM,2026-08-25,Akasa,6969.897151097914
DEL,BOM,2026-09-09,MakeMyTrip,5889.591378067873
DEL,BOM,2026-09-09,Ixigo,5879.343597531494
DEL,BOM,2026-09-09,IndiGo,5867.758806258548
DEL,BOM,2026-09-09,AirIndia,6128.275481333169
DEL,BOM,2026-09-09,Akasa,5788.735764866813
DEL,BOM,2026-09-24,MakeMyTrip,5069.684808694266
DEL,BOM,2026-09-24,Ixigo,5419.751526958405
DEL,BOM,2026-09-24,IndiGo,5035.897743938389
DEL,BOM,2026-09-24,AirIndia,5370.002416079267
DEL,BOM,2026-09-24,Akasa,5126.741890576808
DEL,BLR,2026-08-11,MakeMyTrip,13327.9720159872
DEL,BLR,2026-08-11,Ixigo,13524.876129856211
DEL,BLR,2026-08-11,IndiGo,13130.943202364719
DEL,BLR,2026-08-11,AirIndia,13733.316319183095
DEL,BLR,2026-08-11,Akasa,13362.04087960824
DEL,BLR,2026-08-17,MakeMyTrip,10928.786639215363
DEL,BLR,2026-08-17,Ixigo,10072.317982247047
DEL,BLR,2026-08-17,IndiGo,10697.858062718567
DEL,BLR,2026-08-17,Akasa,10613.488796378546
DEL,BLR,2026-08-25,MakeMyTrip,9033.413879723248
DEL,BLR,2026-08-25,Ixigo,9221.983692638396
DEL,BLR,2026-08-25,IndiGo,8966.547930142888
DEL,BLR,2026-08-25,AirIndia,9116.550531000019
DEL,BLR,2026-08-25,Akasa,8919.635661041457
DEL,BLR,2026-09-09,MakeMyTrip,7713.343560251691
DEL,BLR,2026-09-09,IndiGo,7727.031346766101
DEL,BLR,2026-09-09,AirIndia,7786.3809181729885
DEL,BLR,2026-09-09,Akasa,7884.489323613523
DEL,BLR,2026-09-24,MakeMyTrip,6707.23989355387
DEL,BLR,2026-09-24,Ixigo,6422.959934428302
DEL,BLR,2026-09-24,IndiGo,7019.376553131304
DEL,BLR,2026-09-24,AirIndia,6657.651777989339
DEL,BLR,2026-09-24,Akasa,6556.281913268377
BOM,BLR,2026-08-11,MakeMyTrip,8647.079435605006
BOM,BLR,2026-08-11,Ixigo,8561.952778688112
BOM,BLR,2026-08-11,IndiGo,8525.790200247831
BOM,BLR,2026-08-11,AirIndia,8113.665921096357
BOM,BLR,2026-08-11,Akasa,8420.139207848111
BOM,BLR,2026-08-17,MakeMyTrip,6809.122847222987
BOM,BLR,2026-08-17,Ixigo,6548.359940271228
BOM,BLR,2026-08-17,IndiGo,6521.126172647785
BOM,BLR,2026-08-17,AirIndia,6897.788470473942
BOM,BLR,2026-08-17,Akasa,6449.04036653887
BOM,BLR,2026-08-25,MakeMyTrip,5804.431705590472
BOM,BLR,2026-08-25,Ixigo,5577.920075697595
BOM,BLR,2026-08-25,IndiGo,5577.5011206199315
BOM,BLR,2026-08-25,AirIndia,5485.15707734973
BOM,BLR,2026-09-09,MakeMyTrip,4797.39575108881
BOM,BLR,2026-09-09,Ixigo,4660.662559981413
BOM,BLR,2026-09-09,IndiGo,4859.209734199785
BOM,BLR,2026-09-09,AirIndia,4744.475186782846
BOM,BLR,2026-09-09,Akasa,4698.200412815296
BOM,BLR,2026-09-24,MakeMyTrip,4427.832558938496
BOM,BLR,2026-09-24,Ixigo,4364.553023483194
BOM,BLR,2026-09-24,IndiGo,4156.584559352206
BOM,BLR,2026-09-24,AirIndia,4451.495911512073
BOM,BLR,2026-09-24,Akasa,4248.0171707160835
DEL,CCU,2026-08-11,MakeMyTrip,10787.356580698757
DEL,CCU,2026-08-11,Ixigo,11160.53151341529
DEL,CCU,2026-08-11,IndiGo,10956.401181815072
DEL,CCU,2026-08-11,AirIndia,11490.259308675872
DEL,CCU,2026-08-11,Akasa,11494.495295005738
DEL,CCU,2026-08-17,MakeMyTrip,9087.000119288945
DEL,CCU,2026-08-17,Ixigo,9050.320637030922
DEL,CCU,2026-08-17,IndiGo,8753.90034603175
DEL,CCU,2026-08-17,AirIndia,9284.414576611687
DEL,CCU,2026-08-17,Akasa,9006.094130399895
DEL,CCU,2026-08-25,MakeMyTrip,7670.703249587558
DEL,CCU,2026-08-25,Ixigo,7518.628931461299
DEL,CCU,2026-08-25,IndiGo,7580.519556628367
DEL,CCU,2026-08-25,AirIndia,7587.251143937493
DEL,CCU,2026-08-25,Akasa,7842.543446682829
DEL,CCU,2026-09-09,MakeMyTrip,6226.334899410789
DEL,CCU,2026-09-09,Ixigo,6261.469127386318
DEL,CCU,2026-09-09,IndiGo,6576.697691086956
DEL,CCU,2026-09-09,AirIndia,6424.356620341677
DEL,CCU,2026-09-09,Akasa,6513.645923913585
DEL,CCU,2026-09-24,MakeMyTrip,5889.888145828403
DEL,CCU,2026-09-24,IndiGo,5981.490216167025
DEL,CCU,2026-09-24,AirIndia,5717.381413711704
DEL,CCU,2026-09-24,Akasa,5728.716393213054
BLR,HYD,2026-08-11,MakeMyTrip,5905.92176880648
BLR,HYD,2026-08-11,Ixigo,5736.74094692505
BLR,HYD,2026-08-11,IndiGo,6180.619978354916
BLR,HYD,2026-08-11,AirIndia,6018.443417602663
BLR,HYD,2026-08-11,Akasa,5967.273983834387
BLR,HYD,2026-08-17,MakeMyTrip,4723.324538663453
BLR,HYD,2026-08-17,Ixigo,4652.410544176824
BLR,HYD,2026-08-17,IndiGo,4909.562927877179
BLR,HYD,2026-08-17,AirIndia,4733.068143797248
BLR,HYD,2026-08-17,Akasa,4685.551855425797
BLR,HYD,2026-08-25,MakeMyTrip,4039.9742378406713
BLR,HYD,2026-08-25,Ixigo,4244.235012802438
BLR,HYD,2026-08-25,IndiGo,4143.117114618357
BLR,HYD,2026-08-25,AirIndia,4048.3249538408872
BLR,HYD,2026-08-25,Akasa,4225.6233053274
BLR,HYD,2026-09-09,MakeMyTrip,3564.4487619305564
BLR,HYD,2026-09-09,Ixigo,3450.697840696016
BLR,HYD,2026-09-09,IndiGo,3419.246361551686
BLR,HYD,2026-09-09,AirIndia,3559.4786261481945
BLR,HYD,2026-09-09,Akasa,3547.3700285025534
BLR,HYD,2026-09-24,MakeMyTrip,3059.5575668786996
BLR,HYD,2026-09-24,Ixigo,3252.2810143446177
BLR,HYD,2026-09-24,IndiGo,3150.2623759549133
BLR,HYD,2026-09-24,AirIndia,3156.208367565227
BLR,HYD,2026-09-24,Akasa,3130.5713915837855
MAA,DEL,2026-08-11,Ixigo,12029.749575844598
MAA,DEL,2026-08-11,IndiGo,12754.909262540867
MAA,DEL,2026-08-11,AirIndia,11964.23239858026
MAA,DEL,2026-08-11,Akasa,12823.688868797142
MAA,DEL,2026-08-17,MakeMyTrip,10326.191439476836
MAA,DEL,2026-08-17,Ixigo,10490.454808459235
MAA,DEL,2026-08-17,IndiGo,10313.24179299721
MAA,DEL,2026-08-17,AirIndia,10308.544488929141
MAA,DEL,2026-08-17,Akasa,10189.400251945039
MAA,DEL,2026-08-25,MakeMyTrip,8330.092139950008
MAA,DEL,2026-08-25,Ixigo,8151.161645844266
MAA,DEL,2026-08-25,IndiGo,8211.129360029872
MAA,DEL,2026-08-25,AirIndia,8220.470962267176
MAA,DEL,2026-08-25,Akasa,8643.11636814329
MAA,DEL,2026-09-09,MakeMyTrip,7513.545667781404
MAA,DEL,2026-09-09,Ixigo,7426.641024386455
MAA,DEL,2026-09-09,IndiGo,7400.793230542275
MAA,DEL,2026-09-09,AirIndia,7167.716112858889
MAA,DEL,2026-09-09,Akasa,7115.9932645901345
MAA,DEL,2026-09-24,MakeMyTrip,6596.733348122192
MAA,DEL,2026-09-24,Ixigo,6231.612508700796
MAA,DEL,2026-09-24,IndiGo,6639.274607898476
MAA,DEL,2026-09-24,AirIndia,6532.438414727686
MAA,DEL,2026-09-24,Akasa,6447.940216626089
DEL,BOM,2026-08-12,MakeMyTrip,10166.197338242107
DEL,BOM,2026-08-12,Ixigo,9849.032276573413
DEL,BOM,2026-08-12,IndiGo,10178.867374318574
DEL,BOM,2026-08-12,AirIndia,9978.709325814056
DEL,BOM,2026-08-12,Akasa,9738.63787136798
DEL,BOM,2026-08-18,MakeMyTrip,7870.30947433648
DEL,BOM,2026-08-18,Ixigo,7773.117679616244
DEL,BOM,2026-08-18,IndiGo,8487.914801892111
DEL,BOM,2026-08-18,AirIndia,8460.396929182669
DEL,BOM,2026-08-18,Akasa,8056.100147355685
DEL,BOM,2026-08-26,MakeMyTrip,6635.655034138158
DEL,BOM,2026-08-26,Ixigo,6985.631824620643
DEL,BOM,2026-08-26,AirIndia,6533.242501287869
DEL,BOM,2026-08-26,Akasa,6803.977560450214
DEL,BOM,2026-09-10,MakeMyTrip,5806.51547974403
DEL,BOM,2026-09-10,Ixigo,5767.670695955579
DEL,BOM,2026-09-10,IndiGo,6024.0280205639265
DEL,BOM,2026-09-10,AirIndia,6146.314741008086
DEL,BOM,2026-09-10,Akasa,5597.803592312361
DEL,BOM,2026-09-25,MakeMyTrip,5325.526476721163
DEL,BOM,2026-09-25,Ixigo,5273.239999124727
DEL,BOM,2026-09-25,IndiGo,5411.147032437924
DEL,BOM,2026-09-25,AirIndia,5329.251522757369
DEL,BOM,2026-09-25,Akasa,5359.27338048654
DEL,BLR,2026-08-12,MakeMyTrip,12847.29470004008
DEL,BLR,2026-08-12,Ixigo,12894.60211107479
DEL,BLR,2026-08-12,IndiGo,13618.169094945779
DEL,BLR,2026-08-12,AirIndia,13309.070278737045
DEL,BLR,2026-08-12,Akasa,13359.581548410344
DEL,BLR,2026-08-18,MakeMyTrip,10479.646641794809
DEL,BLR,2026-08-18,Ixigo,10155.416537528161
DEL,BLR,2026-08-18,IndiGo,11043.970552054847
DEL,BLR,2026-08-18,AirIndia,10458.565167264122
DEL,BLR,2026-08-18,Akasa,10157.455207809458
DEL,BLR,2026-08-26,MakeMyTrip,8637.040152569884
DEL,BLR,2026-08-26,Ixigo,8697.74603531097
DEL,BLR,2026-08-26,IndiGo,9054.132901760284
DEL,BLR,2026-08-26,AirIndia,8980.539514279413
DEL,BLR,2026-08-26,Akasa,8890.66051638843
DEL,BLR,2026-09-10,MakeMyTrip,7467.450853905
DEL,BLR,2026-09-10,Ixigo,7698.230308922088
DEL,BLR,2026-09-10,IndiGo,7924.538023141931
DEL,BLR,2026-09-10,AirIndia,7903.531670871583
DEL,BLR,2026-09-10,Akasa,7269.262062672687
DEL,BLR,2026-09-25,Ixigo,6746.804139159535
DEL,BLR,2026-09-25,IndiGo,6653.258753377802
DEL,BLR,2026-09-25,AirIndia,6984.405719755814
DEL,BLR,2026-09-25,Akasa,6933.366011088978
BOM,BLR,2026-08-12,MakeMyTrip,8515.456621863612
BOM,BLR,2026-08-12,Ixigo,8308.608180220881
BOM,BLR,2026-08-12,IndiGo,8398.457549153343
BOM,BLR,2026-08-12,AirIndia,8025.200902463068
BOM,BLR,2026-08-12,Akasa,8126.16086427198
BOM,BLR,2026-08-18,MakeMyTrip,6969.290617321464
BOM,BLR,2026-08-18,Ixigo,6660.408866277576
BOM,BLR,2026-08-18,IndiGo,6930.796639850461
BOM,BLR,2026-08-18,AirIndia,6558.425769544205
BOM,BLR,2026-08-18,Akasa,6588.508026552294
BOM,BLR,2026-08-26,MakeMyTrip,5664.19457790413
BOM,BLR,2026-08-26,Ixigo,5826.319523215925
BOM,BLR,2026-08-26,IndiGo,5865.284170950985
BOM,BLR,2026-08-26,AirIndia,5441.274419536207
BOM,BLR,2026-08-26,Akasa,5551.330363069736
BOM,BLR,2026-09-10,MakeMyTrip,4741.288438345307
BOM,BLR,2026-09-10,Ixigo,4984.401337482608
BOM,BLR,2026-09-10,IndiGo,4993.558534389142
BOM,BLR,2026-09-10,AirIndia,4736.918416096279
BOM,BLR,2026-09-10,Akasa,4635.077178261106
BOM,BLR,2026-09-25,MakeMyTrip,4462.706550979286
BOM,BLR,2026-09-25,Ixigo,4334.31735647083
BOM,BLR,2026-09-25,IndiGo,4512.403682881255
BOM,BLR,2026-09-25,AirIndia,4138.866863624446
BOM,BLR,2026-09-25,Akasa,4403.112154605375
DEL,CCU,2026-08-12,MakeMyTrip,11293.050126841936
DEL,CCU,2026-08-12,Ixigo,11089.760397855582
DEL,CCU,2026-08-12,IndiGo,11382.114616320096
DEL,CCU,2026-08-12,AirIndia,11587.640343421373
DEL,CCU,2026-08-12,Akasa,11566.905774027386
DEL,CCU,2026-08-18,MakeMyTrip,8791.57907345232
DEL,CCU,2026-08-18,Ixigo,9259.651263075397
DEL,CCU,2026-08-18,IndiGo,8979.978151768462
DEL,CCU,2026-08-18,AirIndia,8900.34630794588
DEL,CCU,2026-08-18,Akasa,8991.999657495386
DEL,CCU,2026-08-26,MakeMyTrip,7793.602334508945
DEL,CCU,2026-08-26,Ixigo,7645.080701110584
DEL,CCU,2026-08-26,IndiGo,7272.792598630503
DEL,CCU,2026-08-26,AirIndia,7579.765157080985
DEL,CCU,2026-09-10,MakeMyTrip,6456.027690169548
DEL,CCU,2026-09-10,Ixigo,6177.897610345768
DEL,CCU,2026-09-10,IndiGo,6292.944822263642
DEL,CCU,2026-09-10,AirIndia,6749.881664366144
DEL,CCU,2026-09-10,Akasa,6737.432282316493
DEL,CCU,2026-09-25,MakeMyTrip,5971.945384929999
DEL,CCU,2026-09-25,Ixigo,5973.353155732824
DEL,CCU,2026-09-25,IndiGo,5503.140853939578
DEL,CCU,2026-09-25,AirIndia,5716.038614954819
DEL,CCU,2026-09-25,Akasa,5688.543402284638
BLR,HYD,2026-08-12,MakeMyTrip,6254.216142948557
BLR,HYD,2026-08-12,Ixigo,5754.42969937882
BLR,HYD,2026-08-12,IndiGo,5903.42703996627
BLR,HYD,2026-08-12,AirIndia,5769.491930089997
BLR,HYD,2026-08-12,Akasa,5848.710630712914
BLR,HYD,2026-08-18,MakeMyTrip,4936.351902950916
BLR,HYD,2026-08-18,Ixigo,5005.531088995728
BLR,HYD,2026-08-18,IndiGo,4869.500548127231
BLR,HYD,2026-08-18,AirIndia,4825.42955636417
BLR,HYD,2026-08-18,Akasa,4747.921251895877
BLR,HYD,2026-08-26,MakeMyTrip,4231.473183501499
BLR,HYD,2026-08-26,Ixigo,4145.791358297181
BLR,HYD,2026-08-26,IndiGo,4017.598731826904
BLR,HYD,2026-08-26,AirIndia,4224.830883002257
BLR,HYD,2026-08-26,Akasa,4245.908725381231
BLR,HYD,2026-09-10,MakeMyTrip,3701.038947894106
BLR,HYD,2026-09-10,Ixigo,3482.6985488674286
BLR,HYD,2026-09-10,IndiGo,3388.754912425825
BLR,HYD,2026-09-10,AirIndia,3425.6764426429413
BLR,HYD,2026-09-10,Akasa,3479.7968107780316
BLR,HYD,2026-09-25,MakeMyTrip,3083.841724359265
BLR,HYD,2026-09-25,Ixigo,3017.49950183766
BLR,HYD,2026-09-25,IndiGo,3054.6281857125455
BLR,HYD,2026-09-25,AirIndia,3023.5717895383414
BLR,HYD,2026-09-25,Akasa,3049.0308387705727
MAA,DEL,2026-08-12,MakeMyTrip,12302.692401537432
MAA,DEL,2026-08-12,Ixigo,11971.360343229768
MAA,DEL,2026-08-12,IndiGo,12738.815486779107
MAA,DEL,2026-08-12,AirIndia,12637.708901407399
MAA,DEL,2026-08-12,Akasa,12929.972049164753
MAA,DEL,2026-08-18,MakeMyTrip,10186.069005242904
MAA,DEL,2026-08-18,Ixigo,10252.650170753428
MAA,DEL,2026-08-18,IndiGo,9540.58208006094
MAA,DEL,2026-08-18,AirIndia,10366.202235644092
MAA,DEL,2026-08-18,Akasa,9715.909710042628
MAA,DEL,2026-08-26,MakeMyTrip,8517.413096186396
MAA,DEL,2026-08-26,Ixigo,8267.414840607198
MAA,DEL,2026-08-26,IndiGo,8135.087991833485
MAA,DEL,2026-08-26,AirIndia,8573.590910152405
MAA,DEL,2026-08-26,Akasa,8008.263284182358
MAA,DEL,2026-09-10,MakeMyTrip,7085.606393377049
MAA,DEL,2026-09-10,Ixigo,6877.340676993132
MAA,DEL,2026-09-10,IndiGo,7453.506642878737
MAA,DEL,2026-09-10,AirIndia,7220.308088784568
MAA,DEL,2026-09-10,Akasa,7439.384124922271
MAA,DEL,2026-09-25,MakeMyTrip,6173.136555657943
MAA,DEL,2026-09-25,Ixigo,6086.4747687892905
MAA,DEL,2026-09-25,IndiGo,6282.028177206524
MAA,DEL,2026-09-25,AirIndia,6119.858821554217
MAA,DEL,2026-09-25,Akasa,6435.333457224657
DEL,BOM,2026-08-13,MakeMyTrip,9689.76294675453
DEL,BOM,2026-08-13,Ixigo,10535.797906443197
DEL,BOM,2026-08-13,IndiGo,9861.73362975393
DEL,BOM,2026-08-13,AirIndia,10370.567943942073
DEL,BOM,2026-08-13,Akasa,9936.580464542953
DEL,BOM,2026-08-19,MakeMyTrip,8238.021058275925
DEL,BOM,2026-08-19,Ixigo,8071.7689266180205
DEL,BOM,2026-08-19,IndiGo,8309.151528240682
DEL,BOM,2026-08-19,AirIndia,7807.66667298943
DEL,BOM,2026-08-19,Akasa,8160.625824986756
DEL,BOM,2026-08-27,MakeMyTrip,6860.718917039102
DEL,BOM,2026-08-27,Ixigo,6896.861446479134
DEL,BOM,2026-08-27,AirIndia,6638.746813393287
DEL,BOM,2026-08-27,Akasa,6978.31310532187
DEL,BOM,2026-09-11,MakeMyTrip,5932.789562999544
DEL,BOM,2026-09-11,Ixigo,5895.305001212175
DEL,BOM,2026-09-11,IndiGo,6126.305411387502
DEL,BOM,2026-09-11,AirIndia,5770.4032071250285
DEL,BOM,2026-09-11,Akasa,5883.8711874127985
DEL,BOM,2026-09-26,MakeMyTrip,5463.710652008637
DEL,BOM,2026-09-26,Ixigo,5447.11364498639
DEL,BOM,2026-09-26,AirIndia,5390.488652286731
DEL,BOM,2026-09-26,Akasa,5012.623984964169
DEL,BLR,2026-08-13,MakeMyTrip,12972.684992772349
DEL,BLR,2026-08-13,Ixigo,12568.027100392024
DEL,BLR,2026-08-13,IndiGo,13560.215968758806
DEL,BLR,2026-08-13,AirIndia,13282.813708246696
DEL,BLR,2026-08-13,Akasa,13277.770793274833
DEL,BLR,2026-08-19,MakeMyTrip,10654.307395258256
DEL,BLR,2026-08-19,Ixigo,10496.872007245223
DEL,BLR,2026-08-19,IndiGo,10140.320644390456
DEL,BLR,2026-08-19,AirIndia,10729.647929418663
DEL,BLR,2026-08-19,Akasa,11019.487247000701
DEL,BLR,2026-08-27,MakeMyTrip,9109.246515498553
DEL,BLR,2026-08-27,Ixigo,8758.550035053684
DEL,BLR,2026-08-27,IndiGo,9192.729834028558
DEL,BLR,2026-08-27,AirIndia,9304.202345397265
DEL,BLR,2026-08-27,Akasa,8849.038778411417
DEL,BLR,2026-09-11,MakeMyTrip,7547.434552156195
DEL,BLR,2026-09-11,Ixigo,7397.335898180803
DEL,BLR,2026-09-11,IndiGo,7797.90362621756
DEL,BLR,2026-09-11,AirIndia,7821.2879339639285
DEL,BLR,2026-09-11,Akasa,7537.650556794749
DEL,BLR,2026-09-26,MakeMyTrip,6444.707916324247
DEL,BLR,2026-09-26,IndiGo,6725.390405186505
DEL,BLR,2026-09-26,AirIndia,6445.749364580035
DEL,BLR,2026-09-26,Akasa,6540.555005880266
BOM,BLR,2026-08-13,MakeMyTrip,8239.477766799886
BOM,BLR,2026-08-13,Ixigo,8627.280572764288
BOM,BLR,2026-08-13,IndiGo,7997.572620290076
BOM,BLR,2026-08-13,AirIndia,8135.972806436997
BOM,BLR,2026-08-13,Akasa,8482.768182347212
BOM,BLR,2026-08-19,MakeMyTrip,6731.760676880504
BOM,BLR,2026-08-19,Ixigo,6942.475588534715
BOM,BLR,2026-08-19,IndiGo,7034.134158834328
BOM,BLR,2026-08-19,AirIndia,6603.617671903448
BOM,BLR,2026-08-19,Akasa,6588.541260482485
BOM,BLR,2026-08-27,MakeMyTrip,5847.995554755334
BOM,BLR,2026-08-27,Ixigo,5679.907149383376
BOM,BLR,2026-08-27,IndiGo,5752.897529743349
BOM,BLR,2026-08-27,AirIndia,5463.126347809975
BOM,BLR,2026-08-27,Akasa,5579.753557730239
BOM,BLR,2026-09-11,MakeMyTrip,5074.206102231546
BOM,BLR,2026-09-11,Ixigo,4875.561125369592
BOM,BLR,2026-09-11,IndiGo,5030.871579201294
BOM,BLR,2026-09-11,AirIndia,4785.25486320619
BOM,BLR,2026-09-11,Akasa,4866.461996813859
BOM,BLR,2026-09-26,MakeMyTrip,3677.340299269414
BOM,BLR,2026-09-26,Ixigo,4218.394315705062
BOM,BLR,2026-09-26,IndiGo,4273.260240479981
BOM,BLR,2026-09-26,AirIndia,4393.81328874982
BOM,BLR,2026-09-26,Akasa,4318.51384436831
DEL,CCU,2026-08-13,MakeMyTrip,11291.06531684921
DEL,CCU,2026-08-13,Ixigo,11395.30800253201
DEL,CCU,2026-08-13,IndiGo,11632.411805640804
DEL,CCU,2026-08-13,AirIndia,10964.937516145148
DEL,CCU,2026-08-13,Akasa,10738.886267764716
DEL,CCU,2026-08-19,MakeMyTrip,8666.440105004225
DEL,CCU,2026-08-19,Ixigo,9362.490218925319
DEL,CCU,2026-08-19,IndiGo,8651.445566575376
DEL,CCU,2026-08-19,AirIndia,8903.724994283946
DEL,CCU,2026-08-19,Akasa,8880.747367883192
DEL,CCU,2026-08-27,MakeMyTrip,7462.456996001202
DEL,CCU,2026-08-27,Ixigo,7262.41647897415
DEL,CCU,2026-08-27,IndiGo,7783.634475619301
DEL,CCU,2026-08-27,AirIndia,7792.134347640268
DEL,CCU,2026-08-27,Akasa,7536.08890171702
DEL,CCU,2026-09-11,Ixigo,6698.045446606206
DEL,CCU,2026-09-11,IndiGo,6570.160593931988
DEL,CCU,2026-09-11,AirIndia,6395.345344532343
DEL,CCU,2026-09-11,Akasa,6546.622003787572
DEL,CCU,2026-09-26,MakeMyTrip,6008.290188458639
DEL,CCU,2026-09-26,Ixigo,5776.458148853391
DEL,CCU,2026-09-26,IndiGo,5677.362515152471
DEL,CCU,2026-09-26,AirIndia,5593.0603559287365
DEL,CCU,2026-09-26,Akasa,5614.9092504014425
BLR,HYD,2026-08-13,MakeMyTrip,6166.139969144182
BLR,HYD,2026-08-13,Ixigo,5955.49864684975
BLR,HYD,2026-08-13,IndiGo,6247.801894730781
BLR,HYD,2026-08-13,AirIndia,5773.219490900374
BLR,HYD,2026-08-19,MakeMyTrip,4873.833650448941
BLR,HYD,2026-08-19,Ixigo,4945.329634548086
BLR,HYD,2026-08-19,IndiGo,4960.08217288162
BLR,HYD,2026-08-19,AirIndia,4719.193033959003
BLR,HYD,2026-08-19,Akasa,4985.891279872599
BLR,HYD,2026-08-27,MakeMyTrip,3970.853078371573
BLR,HYD,2026-08-27,Ixigo,4030.744580566174
BLR,HYD,2026-08-27,IndiGo,4199.051529495702
BLR,HYD,2026-08-27,AirIndia,4119.919022245005
BLR,HYD,2026-09-11,MakeMyTrip,3694.100443527568
BLR,HYD,2026-09-11,Ixigo,3620.7353410938967
BLR,HYD,2026-09-11,IndiGo,3534.0675028193937
BLR,HYD,2026-09-11,AirIndia,3401.9760645239007
BLR,HYD,2026-09-11,Akasa,3480.0890065006797
BLR,HYD,2026-09-26,MakeMyTrip,3234.349238449725
BLR,HYD,2026-09-26,Ixigo,3266.8662714083885
BLR,HYD,2026-09-26,IndiGo,3125.151582010691
BLR,HYD,2026-09-26,AirIndia,3274.454483457256
BLR,HYD,2026-09-26,Akasa,3055.3088690412146
MAA,DEL,2026-08-13,MakeMyTrip,12889.339267256779
MAA,DEL,2026-08-13,Ixigo,12385.107721747207
MAA,DEL,2026-08-13,IndiGo,12032.815224356225
MAA,DEL,2026-08-13,AirIndia,12378.150131253791
MAA,DEL,2026-08-13,Akasa,12405.111625123664
MAA,DEL,2026-08-19,MakeMyTrip,9585.207849983091
MAA,DEL,2026-08-19,Ixigo,10027.857832395464
MAA,DEL,2026-08-19,IndiGo,9601.925342653514
MAA,DEL,2026-08-19,AirIndia,10243.683901038898
MAA,DEL,2026-08-19,Akasa,10262.398274181776
MAA,DEL,2026-08-27,MakeMyTrip,8288.983464174442
MAA,DEL,2026-08-27,Ixigo,8091.612959396363
MAA,DEL,2026-08-27,IndiGo,8295.032141400732
MAA,DEL,2026-08-27,AirIndia,8695.592577389598
MAA,DEL,2026-08-27,Akasa,8023.729567689543
MAA,DEL,2026-09-11,MakeMyTrip,7181.047272264743
MAA,DEL,2026-09-11,Ixigo,7375.787941729486
MAA,DEL,2026-09-11,IndiGo,6891.885855751712
MAA,DEL,2026-09-11,AirIndia,7135.484213108082
MAA,DEL,2026-09-11,Akasa,7410.182715665308
MAA,DEL,2026-09-26,MakeMyTrip,6278.193497128612
MAA,DEL,2026-09-26,Ixigo,6096.526983282185
MAA,DEL,2026-09-26,IndiGo,6420.118223457011
MAA,DEL,2026-09-26,AirIndia,6473.979687377224
MAA,DEL,2026-09-26,Akasa,6484.368293261856
DEL,BOM,2026-08-14,MakeMyTrip,10492.413912858476
DEL,BOM,2026-08-14,Ixigo,10230.666643578708
DEL,BOM,2026-08-14,IndiGo,10326.434307317164
DEL,BOM,2026-08-14,AirIndia,10427.272243988778
DEL,BOM,2026-08-14,Akasa,10496.927950142403
DEL,BOM,2026-08-20,MakeMyTrip,8214.39369324356
DEL,BOM,2026-08-20,Ixigo,8191.047741431322
DEL,BOM,2026-08-20,IndiGo,8125.335444449489
DEL,BOM,2026-08-20,AirIndia,7897.533750463666
DEL,BOM,2026-08-20,Akasa,8453.333445859156
DEL,BOM,2026-08-28,MakeMyTrip,6020.41218792759
DEL,BOM,2026-08-28,Ixigo,6985.138132585902
DEL,BOM,2026-08-28,IndiGo,6554.671532040814
DEL,BOM,2026-08-28,AirIndia,7103.830139012246
DEL,BOM,2026-08-28,Akasa,7158.021022599829
DEL,BOM,2026-09-12,MakeMyTrip,6022.663513472508
DEL,BOM,2026-09-12,Ixigo,5949.97373990996
DEL,BOM,2026-09-12,IndiGo,5848.234246737726
DEL,BOM,2026-09-12,AirIndia,5752.902550995456
DEL,BOM,2026-09-12,Akasa,5867.354156432423
DEL,BOM,2026-09-27,MakeMyTrip,5334.3649505181065
DEL,BOM,2026-09-27,Ixigo,5335.095438569067
DEL,BOM,2026-09-27,IndiGo,5450.598300756757
DEL,BOM,2026-09-27,AirIndia,5296.929714082363
DEL,BOM,2026-09-27,Akasa,5054.344805386222
DEL,BLR,2026-08-14,MakeMyTrip,13277.325256073484
DEL,BLR,2026-08-14,Ixigo,13559.400335330323
DEL,BLR,2026-08-14,IndiGo,13794.457306896586
DEL,BLR,2026-08-14,AirIndia,13731.386031806207
DEL,BLR,2026-08-14,Akasa,12592.7977908716
DEL,BLR,2026-08-20,MakeMyTrip,10175.894399894336
DEL,BLR,2026-08-20,Ixigo,10933.11406192819
DEL,BLR,2026-08-20,IndiGo,10272.412845728668
DEL,BLR,2026-08-20,Akasa,11015.103475669737
DEL,BLR,2026-08-28,MakeMyTrip,8688.883969081138
DEL,BLR,2026-08-28,IndiGo,9316.256704823407
DEL,BLR,2026-08-28,AirIndia,8659.155305092876
DEL,BLR,2026-08-28,Akasa,8678.505567673723
DEL,BLR,2026-09-12,MakeMyTrip,7525.853158945167
DEL,BLR,2026-09-12,Ixigo,7400.435741653375
DEL,BLR,2026-09-12,IndiGo,7585.221090943621
DEL,BLR,2026-09-12,AirIndia,7961.359261561727
DEL,BLR,2026-09-12,Akasa,7286.322519530531
DEL,BLR,2026-09-27,MakeMyTrip,6542.127077147823
DEL,BLR,2026-09-27,Ixigo,6739.453977309045
DEL,BLR,2026-09-27,IndiGo,7038.15362033582
DEL,BLR,2026-09-27,AirIndia,6982.917879161384
DEL,BLR,2026-09-27,Akasa,6669.514146692827
BOM,BLR,2026-08-14,MakeMyTrip,8150.337041722081
BOM,BLR,2026-08-14,Ixigo,8380.661609186394
BOM,BLR,2026-08-14,IndiGo,8046.94441858444
BOM,BLR,2026-08-14,AirIndia,8240.730552695717
BOM,BLR,2026-08-14,Akasa,8472.03944566504
BOM,BLR,2026-08-20,MakeMyTrip,6924.116864608897
BOM,BLR,2026-08-20,Ixigo,6661.710107552239
BOM,BLR,2026-08-20,IndiGo,7031.678883036718
BOM,BLR,2026-08-20,AirIndia,7010.391050460427
BOM,BLR,2026-08-20,Akasa,6603.93609573716
BOM,BLR,2026-08-28,MakeMyTrip,5857.7744718949825
BOM,BLR,2026-08-28,Ixigo,5677.235206774647
BOM,BLR,2026-08-28,IndiGo,5587.590279082525
BOM,BLR,2026-08-28,AirIndia,5938.280965095801
BOM,BLR,2026-08-28,Akasa,5752.685083829748
BOM,BLR,2026-09-12,MakeMyTrip,4745.4181781077705
BOM,BLR,2026-09-12,Ixigo,4893.9679296028025
BOM,BLR,2026-09-12,IndiGo,4847.0493380837
BOM,BLR,2026-09-12,Akasa,4763.145007714922
BOM,BLR,2026-09-27,MakeMyTrip,4300.954760592453
BOM,BLR,2026-09-27,Ixigo,4264.114352810632
BOM,BLR,2026-09-27,IndiGo,4138.724387331313
BOM,BLR,2026-09-27,Akasa,4413.317542430114
DEL,CCU,2026-08-14,MakeMyTrip,11715.30591686057
DEL,CCU,2026-08-14,Ixigo,11219.679298187733
DEL,CCU,2026-08-14,IndiGo,11128.81493831419
DEL,CCU,2026-08-14,AirIndia,11751.920263531447
DEL,CCU,2026-08-14,Akasa,11650.107547726604
DEL,CCU,2026-08-20,MakeMyTrip,9386.7670029431
DEL,CCU,2026-08-20,Ixigo,9122.217173358262
DEL,CCU,2026-08-20,IndiGo,8887.464630169958
DEL,CCU,2026-08-20,AirIndia,8806.050440443749
DEL,CCU,2026-08-20,Akasa,8761.57237899228
DEL,CCU,2026-08-28,MakeMyTrip,7317.49378010175
DEL,CCU,2026-08-28,Ixigo,7273.530184443268
DEL,CCU,2026-08-28,IndiGo,7704.366629086795
DEL,CCU,2026-08-28,AirIndia,7416.8045743758175
DEL,CCU,2026-08-28,Akasa,7928.340682530766
DEL,CCU,2026-09-12,MakeMyTrip,6339.26154210809
DEL,CCU,2026-09-12,Ixigo,6390.911393557397
DEL,CCU,2026-09-12,IndiGo,6383.3981247692855
DEL,CCU,2026-09-12,AirIndia,6419.888521013772
DEL,CCU,2026-09-12,Akasa,6196.756068841515
DEL,CCU,2026-09-27,MakeMyTrip,5905.356291152904
DEL,CCU,2026-09-27,Ixigo,5872.382609131982
DEL,CCU,2026-09-27,IndiGo,5744.167523058137
DEL,CCU,2026-09-27,AirIndia,5559.950894885729
DEL,CCU,2026-09-27,Akasa,5653.986432223421
BLR,HYD,2026-08-14,MakeMyTrip,5907.314651581552
BLR,HYD,2026-08-14,IndiGo,6095.006518964956
BLR,HYD,2026-08-14,AirIndia,6068.261719418165
BLR,HYD,2026-08-14,Akasa,6201.349920102605
BLR,HYD,2026-08-20,MakeMyTrip,4935.805092520525
BLR,HYD,2026-08-20,Ixigo,4895.152856454271
BLR,HYD,2026-08-20,IndiGo,4669.771453767437
BLR,HYD,2026-08-20,AirIndia,4741.104048720967
BLR,HYD,2026-08-20,Akasa,4747.215665452932
BLR,HYD,2026-08-28,MakeMyTrip,4307.95358465817
BLR,HYD,2026-08-28,Ixigo,3952.897001685575
BLR,HYD,2026-08-28,IndiGo,4038.6395441152495
BLR,HYD,2026-08-28,AirIndia,4135.7120112490475
BLR,HYD,2026-08-28,Akasa,4288.872970903087
BLR,HYD,2026-09-12,MakeMyTrip,3497.27773757494
BLR,HYD,2026-09-12,Ixigo,3661.8192007936955
BLR,HYD,2026-09-12,IndiGo,3568.968280270874
BLR,HYD,2026-09-12,AirIndia,3510.6947730181028
BLR,HYD,2026-09-12,Akasa,3473.687342665591
BLR,HYD,2026-09-27,MakeMyTrip,3144.6091949270894
BLR,HYD,2026-09-27,Ixigo,3255.688919083741
BLR,HYD,2026-09-27,IndiGo,3281.354787038395
BLR,HYD,2026-09-27,AirIndia,3175.823741793847
BLR,HYD,2026-09-27,Akasa,3073.2530927139173
MAA,DEL,2026-08-14,MakeMyTrip,12175.405073759377
MAA,DEL,2026-08-14,Ixigo,12481.945987354056
MAA,DEL,2026-08-14,IndiGo,12091.071862347844
MAA,DEL,2026-08-14,AirIndia,11946.934316435734
MAA,DEL,2026-08-20,MakeMyTrip,10511.008928846326
MAA,DEL,2026-08-20,Ixigo,9593.602903953182
MAA,DEL,2026-08-20,IndiGo,9852.176889742892
MAA,DEL,2026-08-20,AirIndia,10544.729960923785
MAA,DEL,2026-08-20,Akasa,10386.157085514615
MAA,DEL,2026-08-28,MakeMyTrip,8653.974943317018
MAA,DEL,2026-08-28,Ixigo,8165.983211865724
MAA,DEL,2026-08-28,IndiGo,8510.04794224782
MAA,DEL,2026-08-28,AirIndia,8117.8554926261
MAA,DEL,2026-08-28,Akasa,8371.078527422043
MAA,DEL,2026-09-12,MakeMyTrip,7199.1970047410405
MAA,DEL,2026-09-12,Ixigo,7412.205623761886
MAA,DEL,2026-09-12,IndiGo,7203.603633887495
MAA,DEL,2026-09-12,AirIndia,7442.395915266627
MAA,DEL,2026-09-12,Akasa,7168.509588007761
MAA,DEL,2026-09-27,MakeMyTrip,6420.446791233285
MAA,DEL,2026-09-27,Ixigo,6566.202224723409
MAA,DEL,2026-09-27,IndiGo,6608.0141488641
MAA,DEL,2026-09-27,AirIndia,6252.452714648753
MAA,DEL,2026-09-27,Akasa,6462.232468846224
DEL,BOM,2026-08-15,MakeMyTrip,9701.631705830918
DEL,BOM,2026-08-15,Ixigo,10213.054395948153
DEL,BOM,2026-08-15,IndiGo,9899.39670232646
DEL,BOM,2026-08-15,AirIndia,9801.640901392964
DEL,BOM,2026-08-15,Akasa,9954.670421941079
DEL,BOM,2026-08-21,MakeMyTrip,8301.134793996516
DEL,BOM,2026-08-21,Ixigo,7978.152409309923
DEL,BOM,2026-08-21,IndiGo,7958.391411956981
DEL,BOM,2026-08-21,AirIndia,8599.145439798993
DEL,BOM,2026-08-21,Akasa,8399.173394666148
DEL,BOM,2026-08-29,MakeMyTrip,7057.244715208556
DEL,BOM,2026-08-29,Ixigo,6630.2701159541775
DEL,BOM,2026-08-29,IndiGo,6927.189146685709
DEL,BOM,2026-08-29,AirIndia,6670.136071414297
DEL,BOM,2026-08-29,Akasa,6624.210355029654
DEL,BOM,2026-09-13,MakeMyTrip,5673.926576240236
DEL,BOM,2026-09-13,Ixigo,5965.8721036259185
DEL,BOM,2026-09-13,IndiGo,5992.296530598259
DEL,BOM,2026-09-13,AirIndia,6154.577219428218
DEL,BOM,2026-09-13,Akasa,5870.559273467017
DEL,BOM,2026-09-28,MakeMyTrip,5254.35748784823
DEL,BOM,2026-09-28,Ixigo,5253.200441720872
DEL,BOM,2026-09-28,IndiGo,5015.94460066294
DEL,BOM,2026-09-28,AirIndia,5041.05807084474
DEL,BOM,2026-09-28,Akasa,5329.2843291007375
DEL,BLR,2026-08-15,MakeMyTrip,12620.40522581163
DEL,BLR,2026-08-15,Ixigo,12968.868624314347
DEL,BLR,2026-08-15,IndiGo,13050.416209294113
DEL,BLR,2026-08-15,AirIndia,13847.465938843803
DEL,BLR,2026-08-15,Akasa,12606.531454833885
DEL,BLR,2026-08-21,MakeMyTrip,10719.054787335033
DEL,BLR,2026-08-21,Ixigo,10972.120565949726
DEL,BLR,2026-08-21,IndiGo,10962.225275364546
DEL,BLR,2026-08-21,AirIndia,10723.755281430422
DEL,BLR,2026-08-21,Akasa,10615.697073085521
DEL,BLR,2026-08-29,MakeMyTrip,8523.94814706522
DEL,BLR,2026-08-29,Ixigo,9047.312008216722
DEL,BLR,2026-08-29,IndiGo,8698.81342407727
DEL,BLR,2026-08-29,AirIndia,8962.710498293085
DEL,BLR,2026-08-29,Akasa,8748.325729293754
DEL,BLR,2026-09-13,MakeMyTrip,7521.21347399773
DEL,BLR,2026-09-13,Ixigo,7500.581348350568
DEL,BLR,2026-09-13,IndiGo,7404.399934243891
DEL,BLR,2026-09-13,AirIndia,7811.118308668931
DEL,BLR,2026-09-13,Akasa,7465.020106711363
DEL,BLR,2026-09-28,MakeMyTrip,6850.731063265186
DEL,BLR,2026-09-28,Ixigo,7045.979778156636
DEL,BLR,2026-09-28,IndiGo,6847.643037424041
DEL,BLR,2026-09-28,AirIndia,6999.252389241552
DEL,BLR,2026-09-28,Akasa,7031.693754152569
BOM,BLR,2026-08-15,MakeMyTrip,8210.144058526883
BOM,BLR,2026-08-15,Ixigo,8309.79959637552
BOM,BLR,2026-08-15,IndiGo,8413.26625350276
BOM,BLR,2026-08-15,AirIndia,8394.443050558191
BOM,BLR,2026-08-15,Akasa,8129.274144242668
BOM,BLR,2026-08-21,MakeMyTrip,6748.101891657227
BOM,BLR,2026-08-21,Ixigo,6586.694482891666
BOM,BLR,2026-08-21,IndiGo,6846.963998249748
BOM,BLR,2026-08-21,AirIndia,6603.777149065452
BOM,BLR,2026-08-21,Akasa,6687.15193900041
BOM,BLR,2026-08-29,MakeMyTrip,5803.243659316888
BOM,BLR,2026-08-29,Ixigo,5668.378487986338
BOM,BLR,2026-08-29,IndiGo,5548.522847088073
BOM,BLR,2026-08-29,AirIndia,5552.42794755104
BOM,BLR,2026-08-29,Akasa,5503.89411183966
BOM,BLR,2026-09-13,MakeMyTrip,5025.886829628842
BOM,BLR,2026-09-13,Ixigo,5112.96655390512
BOM,BLR,2026-09-13,IndiGo,4986.858703206637
BOM,BLR,2026-09-13,AirIndia,4914.210929388048
BOM,BLR,2026-09-13,Akasa,4973.093689069354
BOM,BLR,2026-09-28,MakeMyTrip,4483.37541081369
BOM,BLR,2026-09-28,Ixigo,4249.017301686608
BOM,BLR,2026-09-28,IndiGo,4248.1860881042085
BOM,BLR,2026-09-28,AirIndia,4376.928567171782
BOM,BLR,2026-09-28,Akasa,4259.067954290293
DEL,CCU,2026-08-15,MakeMyTrip,11571.139757077546
DEL,CCU,2026-08-15,Ixigo,11394.43833945378
DEL,CCU,2026-08-15,IndiGo,10905.090606548867
DEL,CCU,2026-08-15,AirIndia,11413.755673352918
DEL,CCU,2026-08-15,Akasa,10898.973821787518
DEL,CCU,2026-08-21,MakeMyTrip,8892.700074702343
DEL,CCU,2026-08-21,Ixigo,8875.053472183612
DEL,CCU,2026-08-21,IndiGo,9152.080668758119
DEL,CCU,2026-08-21,AirIndia,8798.38640003094
DEL,CCU,2026-08-21,Akasa,8707.27474547518
DEL,CCU,2026-08-29,MakeMyTrip,7294.162053533329
DEL,CCU,2026-08-29,Ixigo,7266.790704075276
DEL,CCU,2026-08-29,IndiGo,7439.445350055025
DEL,CCU,2026-08-29,AirIndia,7473.757556368094
DEL,CCU,2026-08-29,Akasa,7705.665449542634
DEL,CCU,2026-09-13,MakeMyTrip,6227.23617391208
DEL,CCU,2026-09-13,Ixigo,6501.370127054781
DEL,CCU,2026-09-13,IndiGo,6546.369478565042
DEL,CCU,2026-09-13,AirIndia,6315.432548677808
DEL,CCU,2026-09-13,Akasa,6600.640485612209
DEL,CCU,2026-09-28,MakeMyTrip,5861.405514267597
DEL,CCU,2026-09-28,Ixigo,5806.6334731069155
DEL,CCU,2026-09-28,IndiGo,5711.259816375495
DEL,CCU,2026-09-28,AirIndia,5510.682850852523
DEL,CCU,2026-09-28,Akasa,5667.9177374477395
BLR,HYD,2026-08-15,MakeMyTrip,6311.831242477659
BLR,HYD,2026-08-15,Ixigo,6014.592138418664
BLR,HYD,2026-08-15,IndiGo,5771.046478974582
BLR,HYD,2026-08-15,AirIndia,6018.431078673291
BLR,HYD,2026-08-15,Akasa,6138.636215737835
BLR,HYD,2026-08-21,MakeMyTrip,4709.9800185250115
BLR,HYD,2026-08-21,Ixigo,5041.791333201731
BLR,HYD,2026-08-21,IndiGo,4798.672762021674
BLR,HYD,2026-08-21,AirIndia,4797.271814078471
BLR,HYD,2026-08-21,Akasa,4736.411835108461
BLR,HYD,2026-08-29,MakeMyTrip,4118.29554554142
BLR,HYD,2026-08-29,Ixigo,4067.607470981342
BLR,HYD,2026-08-29,IndiGo,4015.928597651172
BLR,HYD,2026-08-29,AirIndia,4218.97411558344
BLR,HYD,2026-08-29,Akasa,4002.4037333440137
BLR,HYD,2026-09-13,MakeMyTrip,3499.509631328897
BLR,HYD,2026-09-13,IndiGo,3525.8728400224313
BLR,HYD,2026-09-13,AirIndia,3689.9892007856965
BLR,HYD,2026-09-13,Akasa,3402.019772064468
BLR,HYD,2026-09-28,MakeMyTrip,3144.1647612973566
BLR,HYD,2026-09-28,Ixigo,3319.6052667211793
BLR,HYD,2026-09-28,IndiGo,3060.481711013859
BLR,HYD,2026-09-28,AirIndia,3145.4092163947234
BLR,HYD,2026-09-28,Akasa,2769.8954117272297
MAA,DEL,2026-08-15,MakeMyTrip,12160.157903449166
MAA,DEL,2026-08-15,Ixigo,13107.322781685874
MAA,DEL,2026-08-15,IndiGo,11935.572857902589
MAA,DEL,2026-08-15,AirIndia,12401.16438815889
MAA,DEL,2026-08-15,Akasa,12875.225851952837
MAA,DEL,2026-08-21,MakeMyTrip,9957.051902440158
MAA,DEL,2026-08-21,Ixigo,9683.134626309604
MAA,DEL,2026-08-21,IndiGo,9652.194939183666
MAA,DEL,2026-08-21,AirIndia,10367.998169652365
MAA,DEL,2026-08-21,Akasa,10554.07744311002
MAA,DEL,2026-08-29,MakeMyTrip,8771.791104559252
MAA,DEL,2026-08-29,Ixigo,8352.73654331435
MAA,DEL,2026-08-29,IndiGo,8440.401734555995
MAA,DEL,2026-08-29,AirIndia,8613.016760427017
MAA,DEL,2026-08-29,Akasa,8328.194396659364
MAA,DEL,2026-09-13,MakeMyTrip,7459.135975503303
MAA,DEL,2026-09-13,Ixigo,6930.778290274295
MAA,DEL,2026-09-13,IndiGo,7065.538651123159
MAA,DEL,2026-09-13,AirIndia,7325.171924359054
MAA,DEL,2026-09-13,Akasa,7312.496811722198
MAA,DEL,2026-09-28,MakeMyTrip,6304.655205249674
MAA,DEL,2026-09-28,Ixigo,6345.496659422699
MAA,DEL,2026-09-28,IndiGo,6445.756899625019
MAA,DEL,2026-09-28,AirIndia,6500.440720703771
MAA,DEL,2026-09-28,Akasa,6149.343576448538
DEL,BOM,2026-08-16,MakeMyTrip,10580.369932916232
DEL,BOM,2026-08-16,Ixigo,9812.585575701189
DEL,BOM,2026-08-16,IndiGo,10200.230219092242
DEL,BOM,2026-08-16,AirIndia,9763.363485569776
DEL,BOM,2026-08-16,Akasa,9727.687135825525
DEL,BOM,2026-08-22,MakeMyTrip,8567.830351399178
DEL,BOM,2026-08-22,Ixigo,8338.319728854736
DEL,BOM,2026-08-22,IndiGo,8483.492547384121
DEL,BOM,2026-08-22,AirIndia,8320.890891968873
DEL,BOM,2026-08-22,Akasa,8493.347265776452
DEL,BOM,2026-08-30,MakeMyTrip,6640.643940432665
DEL,BOM,2026-08-30,Ixigo,6701.6520846521435
DEL,BOM,2026-08-30,IndiGo,6989.620007022353
DEL,BOM,2026-08-30,AirIndia,6850.783992062199
DEL,BOM,2026-08-30,Akasa,6812.978952490651
DEL,BOM,2026-09-14,MakeMyTrip,6130.783197952411
DEL,BOM,2026-09-14,Ixigo,5860.5135070915
DEL,BOM,2026-09-14,IndiGo,6195.70717586361
DEL,BOM,2026-09-14,AirIndia,5943.921665237847
DEL,BOM,2026-09-14,Akasa,6064.157578072427
DEL,BOM,2026-09-29,MakeMyTrip,5308.83507171612
DEL,BOM,2026-09-29,Ixigo,5386.776478473314
DEL,BOM,2026-09-29,IndiGo,5483.868763820747
DEL,BOM,2026-09-29,AirIndia,5367.255832018828
DEL,BOM,2026-09-29,Akasa,5263.84063981301
DEL,BLR,2026-08-16,MakeMyTrip,13014.357421641262
DEL,BLR,2026-08-16,Ixigo,13625.649524995715
DEL,BLR,2026-08-16,IndiGo,13288.014943667275
DEL,BLR,2026-08-16,AirIndia,12747.044786609866
DEL,BLR,2026-08-16,Akasa,12968.501952490133
DEL,BLR,2026-08-22,MakeMyTrip,10425.726061106167
DEL,BLR,2026-08-22,Ixigo,10750.394120009601
DEL,BLR,2026-08-22,IndiGo,10496.766503707706
DEL,BLR,2026-08-22,AirIndia,11092.849282017407
DEL,BLR,2026-08-30,MakeMyTrip,9277.407801036126
DEL,BLR,2026-08-30,Ixigo,9182.786414150669
DEL,BLR,2026-08-30,IndiGo,9064.725991424988
DEL,BLR,2026-08-30,AirIndia,8970.016985163991
DEL,BLR,2026-08-30,Akasa,8799.155921571128
DEL,BLR,2026-09-14,MakeMyTrip,7779.238290308972
DEL,BLR,2026-09-14,Ixigo,7721.52607520426
DEL,BLR,2026-09-14,IndiGo,7497.0459271578375
DEL,BLR,2026-09-14,AirIndia,7344.693132556853
DEL,BLR,2026-09-14,Akasa,7577.4783886806745
DEL,BLR,2026-09-29,MakeMyTrip,6964.318041799893
DEL,BLR,2026-09-29,Ixigo,6825.159627619505
DEL,BLR,2026-09-29,IndiGo,6589.564854746352
DEL,BLR,2026-09-29,AirIndia,6622.093390863413
DEL,BLR,2026-09-29,Akasa,6906.529906629058
BOM,BLR,2026-08-16,MakeMyTrip,8338.299130675237
BOM,BLR,2026-08-16,Ixigo,8282.305044052599
BOM,BLR,2026-08-16,IndiGo,8803.77621739512
BOM,BLR,2026-08-16,Akasa,8072.53302275993
BOM,BLR,2026-08-22,MakeMyTrip,7063.502580634547
BOM,BLR,2026-08-22,Ixigo,6685.030903839813
BOM,BLR,2026-08-22,IndiGo,6768.008025846725
BOM,BLR,2026-08-22,AirIndia,6599.798274889545
BOM,BLR,2026-08-22,Akasa,6775.685696494159
BOM,BLR,2026-08-30,MakeMyTrip,4972.04977178298
BOM,BLR,2026-08-30,Ixigo,5588.826791721819
BOM,BLR,2026-08-30,IndiGo,5463.9966558431415
BOM,BLR,2026-08-30,AirIndia,5645.3862435001265
BOM,BLR,2026-08-30,Akasa,5047.877709517815
BOM,BLR,2026-09-14,MakeMyTrip,5113.733937452533
BOM,BLR,2026-09-14,Ixigo,5063.2656505106115
BOM,BLR,2026-09-14,IndiGo,4895.042036382102
BOM,BLR,2026-09-14,AirIndia,4683.271057658792
BOM,BLR,2026-09-14,Akasa,4890.11740122564
BOM,BLR,2026-09-29,MakeMyTrip,4428.908233195511
BOM,BLR,2026-09-29,Ixigo,4555.270310216065
BOM,BLR,2026-09-29,IndiGo,4176.615628284244
BOM,BLR,2026-09-29,AirIndia,4552.986658829145
BOM,BLR,2026-09-29,Akasa,4212.981053084969
DEL,CCU,2026-08-16,MakeMyTrip,10838.2772410432
DEL,CCU,2026-08-16,Ixigo,11700.995081965671
DEL,CCU,2026-08-16,IndiGo,11371.471321848026
DEL,CCU,2026-08-16,AirIndia,11103.706949195017
DEL,CCU,2026-08-16,Akasa,10894.0929553521
DEL,CCU,2026-08-22,MakeMyTrip,8774.863828531441
DEL,CCU,2026-08-22,Ixigo,9031.581800283822
DEL,CCU,2026-08-22,IndiGo,9473.84335755965
DEL,CCU,2026-08-22,AirIndia,9143.496564487165
DEL,CCU,2026-08-22,Akasa,8932.688959325324
DEL,CCU,2026-08-30,MakeMyTrip,7822.06320424415
DEL,CCU,2026-08-30,Ixigo,7483.466065349146
DEL,CCU,2026-08-30,IndiGo,7461.811691929202
DEL,CCU,2026-08-30,AirIndia,7396.559977742592
DEL,CCU,2026-08-30,Akasa,7456.7310875997555
DEL,CCU,2026-09-14,MakeMyTrip,6361.621182260964
DEL,CCU,2026-09-14,Ixigo,6645.611870918302
DEL,CCU,2026-09-14,IndiGo,6593.648380203551
DEL,CCU,2026-09-14,AirIndia,6747.750730977397
DEL,CCU,2026-09-29,MakeMyTrip,5928.869791860095
DEL,CCU,2026-09-29,Ixigo,5618.2057392651095
DEL,CCU,2026-09-29,IndiGo,5860.004997027517
DEL,CCU,2026-09-29,AirIndia,5755.859972466141
DEL,CCU,2026-09-29,Akasa,5973.9133461847005
BLR,HYD,2026-08-16,MakeMyTrip,6319.157516371686
BLR,HYD,2026-08-16,Ixigo,6147.479000508446
BLR,HYD,2026-08-16,IndiGo,5840.685649704306
BLR,HYD,2026-08-16,AirIndia,6351.848871806183
BLR,HYD,2026-08-16,Akasa,5800.286696977231
BLR,HYD,2026-08-22,MakeMyTrip,4769.696955797356
BLR,HYD,2026-08-22,Ixigo,5063.885360323711
BLR,HYD,2026-08-22,IndiGo,4964.94774589399
BLR,HYD,2026-08-22,AirIndia,4895.961439329704
BLR,HYD,2026-08-22,Akasa,4913.065022961691
BLR,HYD,2026-08-30,MakeMyTrip,4161.806742484989
BLR,HYD,2026-08-30,Ixigo,3961.345736439219
BLR,HYD,2026-08-30,IndiGo,4291.018399010429
BLR,HYD,2026-08-30,AirIndia,4201.08030435686
BLR,HYD,2026-08-30,Akasa,4233.633293679252
BLR,HYD,2026-09-14,MakeMyTrip,3611.179257257068
BLR,HYD,2026-09-14,Ixigo,3641.5009400303406
BLR,HYD,2026-09-14,IndiGo,3527.732586021869
BLR,HYD,2026-09-14,AirIndia,3588.7713402266263
BLR,HYD,2026-09-14,Akasa,3687.8795657492064
BLR,HYD,2026-09-29,MakeMyTrip,3159.791594587213
BLR,HYD,2026-09-29,Ixigo,3219.432053070579
BLR,HYD,2026-09-29,IndiGo,3039.8457261857347
BLR,HYD,2026-09-29,AirIndia,3182.2920449073918
BLR,HYD,2026-09-29,Akasa,3293.3083335038637
MAA,DEL,2026-08-16,MakeMyTrip,12522.888756043765
MAA,DEL,2026-08-16,Ixigo,12675.299584799315
MAA,DEL,2026-08-16,IndiGo,12699.393111662333
MAA,DEL,2026-08-16,AirIndia,12166.493530156049
MAA,DEL,2026-08-16,Akasa,10315.37097882198
MAA,DEL,2026-08-22,MakeMyTrip,9718.745439572866
MAA,DEL,2026-08-22,Ixigo,9890.765657083222
MAA,DEL,2026-08-22,IndiGo,10172.970648963117
MAA,DEL,2026-08-22,AirIndia,10179.522094812844
MAA,DEL,2026-08-22,Akasa,9905.384474507566
MAA,DEL,2026-08-30,MakeMyTrip,8115.283465644672
MAA,DEL,2026-08-30,Ixigo,8299.208810643002
MAA,DEL,2026-08-30,IndiGo,8284.167320600664
MAA,DEL,2026-08-30,AirIndia,8628.393993265823
MAA,DEL,2026-08-30,Akasa,8656.084179214211
MAA,DEL,2026-09-14,MakeMyTrip,7398.7456204436785
MAA,DEL,2026-09-14,Ixigo,7192.519298347448
MAA,DEL,2026-09-14,IndiGo,7295.3400253669115
MAA,DEL,2026-09-14,AirIndia,7286.655267888051
MAA,DEL,2026-09-14,Akasa,7237.9629168912315
MAA,DEL,2026-09-29,MakeMyTrip,6554.111195773567
MAA,DEL,2026-09-29,Ixigo,6134.702889331874
MAA,DEL,2026-09-29,IndiGo,6639.5628299392465
MAA,DEL,2026-09-29,AirIndia,6147.877789313865
MAA,DEL,2026-09-29,Akasa,6126.928872394823
DEL,BOM,2026-08-17,MakeMyTrip,10517.855428461202
DEL,BOM,2026-08-17,IndiGo,10559.408509233703
DEL,BOM,2026-08-17,AirIndia,10208.955142196657
DEL,BOM,2026-08-17,Akasa,9868.014546061013
DEL,BOM,2026-08-23,MakeMyTrip,8273.126130504967
DEL,BOM,2026-08-23,Ixigo,7891.074758817344
DEL,BOM,2026-08-23,IndiGo,8385.315916278869
DEL,BOM,2026-08-23,AirIndia,8305.242829401639
DEL,BOM,2026-08-23,Akasa,8616.809528791817
DEL,BOM,2026-08-31,MakeMyTrip,7239.945952613369
DEL,BOM,2026-08-31,Ixigo,6989.764063084908
DEL,BOM,2026-08-31,IndiGo,7106.706039478516
DEL,BOM,2026-08-31,AirIndia,6609.747246325507
DEL,BOM,2026-08-31,Akasa,6746.124414187825
DEL,BOM,2026-09-15,MakeMyTrip,5940.953579451087
DEL,BOM,2026-09-15,Ixigo,5666.530051072577
DEL,BOM,2026-09-15,IndiGo,5930.203111633453
DEL,BOM,2026-09-15,AirIndia,5752.517377946991
DEL,BOM,2026-09-15,Akasa,5940.12505226304
DEL,BOM,2026-09-30,MakeMyTrip,5449.442619285401
DEL,BOM,2026-09-30,Ixigo,5509.478260070958
DEL,BOM,2026-09-30,IndiGo,5209.039235282355
DEL,BOM,2026-09-30,Akasa,5275.066525394484
DEL,BLR,2026-08-17,MakeMyTrip,13399.699098030844
DEL,BLR,2026-08-17,Ixigo,12909.635703712223
DEL,BLR,2026-08-17,IndiGo,13653.472674468703
DEL,BLR,2026-08-17,AirIndia,12853.663179668198
DEL,BLR,2026-08-17,Akasa,13317.157285753161
DEL,BLR,2026-08-23,MakeMyTrip,10510.34457207795
DEL,BLR,2026-08-23,Ixigo,10473.721823063488
DEL,BLR,2026-08-23,IndiGo,10816.887250502252
DEL,BLR,2026-08-23,AirIndia,10314.414107516714
DEL,BLR,2026-08-23,Akasa,10289.303304563788
DEL,BLR,2026-08-31,MakeMyTrip,8687.729230086654
DEL,BLR,2026-08-31,Ixigo,9257.246048940007
DEL,BLR,2026-08-31,IndiGo,8803.382568762276
DEL,BLR,2026-08-31,AirIndia,9113.994805062925
DEL,BLR,2026-08-31,Akasa,8646.836735609832
DEL,BLR,2026-09-15,MakeMyTrip,7369.374634720783
DEL,BLR,2026-09-15,Ixigo,7862.3319614141565
DEL,BLR,2026-09-15,IndiGo,7932.01667318746
DEL,BLR,2026-09-15,AirIndia,7432.788859312324
DEL,BLR,2026-09-15,Akasa,7931.792241873472
DEL,BLR,2026-09-30,MakeMyTrip,6516.951718779182
DEL,BLR,2026-09-30,Ixigo,7024.1687077094575
DEL,BLR,2026-09-30,IndiGo,6847.976685754531
DEL,BLR,2026-09-30,AirIndia,6938.70550671512
DEL,BLR,2026-09-30,Akasa,6520.564621727196
BOM,BLR,2026-08-17,MakeMyTrip,8497.854127319102
BOM,BLR,2026-08-17,Ixigo,8147.277853866881
BOM,BLR,2026-08-17,IndiGo,8187.263916802626
BOM,BLR,2026-08-17,AirIndia,8814.433131928105
BOM,BLR,2026-08-17,Akasa,8582.01960058502
BOM,BLR,2026-08-23,MakeMyTrip,6955.015174661048
BOM,BLR,2026-08-23,Ixigo,6859.340876667796
BOM,BLR,2026-08-23,IndiGo,7008.736950713199
BOM,BLR,2026-08-23,AirIndia,6863.302965522214
BOM,BLR,2026-08-23,Akasa,7007.334811211638
BOM,BLR,2026-08-31,MakeMyTrip,5478.690000842767
BOM,BLR,2026-08-31,Ixigo,5934.611517272867
BOM,BLR,2026-08-31,IndiGo,5524.85938626175
BOM,BLR,2026-08-31,AirIndia,5656.612408434199
BOM,BLR,2026-08-31,Akasa,5814.513122709328
BOM,BLR,2026-09-15,MakeMyTrip,5093.999740015434
BOM,BLR,2026-09-15,Ixigo,5125.938872390586
BOM,BLR,2026-09-15,IndiGo,4677.319417066628
BOM,BLR,2026-09-15,AirIndia,4732.3052091442105
BOM,BLR,2026-09-15,Akasa,4384.050996409563
BOM,BLR,2026-09-30,MakeMyTrip,4171.710210019152
BOM,BLR,2026-09-30,Ixigo,4413.013928263732
BOM,BLR,2026-09-30,IndiGo,4335.823225512806
BOM,BLR,2026-09-30,AirIndia,4215.534359275591
BOM,BLR,2026-09-30,Akasa,4328.529816523982
DEL,CCU,2026-08-17,MakeMyTrip,10910.171947976933
DEL,CCU,2026-08-17,Ixigo,11556.69956856485
DEL,CCU,2026-08-17,IndiGo,10855.532343215598
DEL,CCU,2026-08-17,AirIndia,11264.51462089514
DEL,CCU,2026-08-17,Akasa,11448.672813295154
DEL,CCU,2026-08-23,MakeMyTrip,9392.346191865794
DEL,CCU,2026-08-23,Ixigo,9044.073358246915
DEL,CCU,2026-08-23,IndiGo,9486.17029697325
DEL,CCU,2026-08-23,AirIndia,9170.394176820244
DEL,CCU,2026-08-23,Akasa,9094.081842515157
DEL,CCU,2026-08-31,MakeMyTrip,7811.774529798229
DEL,CCU,2026-08-31,Ixigo,7654.404291738567
DEL,CCU,2026-08-31,IndiGo,7454.9098425541515
DEL,CCU,2026-08-31,AirIndia,7332.189432153645
DEL,CCU,2026-08-31,Akasa,7724.952865323534
DEL,CCU,2026-09-15,MakeMyTrip,6235.362259870937
DEL,CCU,2026-09-15,Ixigo,6686.581849654995
DEL,CCU,2026-09-15,IndiGo,6333.168949644122
DEL,CCU,2026-09-15,AirIndia,6418.393157282506
DEL,CCU,2026-09-15,Akasa,6621.357845056363
DEL,CCU,2026-09-30,MakeMyTrip,5892.5470764723
DEL,CCU,2026-09-30,Ixigo,5546.178110003286
DEL,CCU,2026-09-30,IndiGo,5573.470472657805
DEL,CCU,2026-09-30,AirIndia,5870.233689258548
DEL,CCU,2026-09-30,Akasa,5939.412245880532
BLR,HYD,2026-08-17,MakeMyTrip,5875.7312756958945
BLR,HYD,2026-08-17,Ixigo,6240.50416612048
BLR,HYD,2026-08-17,IndiGo,6093.103308298304
BLR,HYD,2026-08-17,AirIndia,6074.939205349529
BLR,HYD,2026-08-17,Akasa,6170.101991309905
BLR,HYD,2026-08-23,MakeMyTrip,4957.762098895674
BLR,HYD,2026-08-23,Ixigo,4812.931744852353
BLR,HYD,2026-08-23,IndiGo,4905.192333074367
BLR,HYD,2026-08-23,AirIndia,5128.998080967013
BLR,HYD,2026-08-23,Akasa,5006.639073079117
BLR,HYD,2026-08-31,MakeMyTrip,4163.244848247209
BLR,HYD,2026-08-31,Ixigo,4131.8081608290195
BLR,HYD,2026-08-31,IndiGo,4327.099530284331
BLR,HYD,2026-08-31,AirIndia,4095.221598281056
BLR,HYD,2026-08-31,Akasa,4289.541404243684
BLR,HYD,2026-09-15,MakeMyTrip,3442.2761763677886
BLR,HYD,2026-09-15,Ixigo,3663.2159608701313
BLR,HYD,2026-09-15,IndiGo,3602.8384874424573
BLR,HYD,2026-09-15,AirIndia,3636.085167094132
BLR,HYD,2026-09-15,Akasa,3630.36373460019
BLR,HYD,2026-09-30,MakeMyTrip,3072.429654457226
BLR,HYD,2026-09-30,Ixigo,3107.5894775149436
BLR,HYD,2026-09-30,IndiGo,3051.054213391375
BLR,HYD,2026-09-30,AirIndia,3302.442873132632
BLR,HYD,2026-09-30,Akasa,3079.388784470986
MAA,DEL,2026-08-17,MakeMyTrip,12705.239806249585
MAA,DEL,2026-08-17,Ixigo,12948.950231236056
MAA,DEL,2026-08-17,IndiGo,12189.098516944685
MAA,DEL,2026-08-17,AirIndia,12747.096943625274
MAA,DEL,2026-08-17,Akasa,12487.079563277399
MAA,DEL,2026-08-23,MakeMyTrip,9789.380129602538
MAA,DEL,2026-08-23,Ixigo,10011.956470075074
MAA,DEL,2026-08-23,IndiGo,9890.244502994245
MAA,DEL,2026-08-23,AirIndia,10229.70762856413
MAA,DEL,2026-08-23,Akasa,9771.609890414993
MAA,DEL,2026-08-31,MakeMyTrip,8601.794836079358
MAA,DEL,2026-08-31,Ixigo,8159.791133477358
MAA,DEL,2026-08-31,IndiGo,8280.356081679107
MAA,DEL,2026-08-31,Akasa,8545.569164742763
MAA,DEL,2026-09-15,MakeMyTrip,7212.324546947049
MAA,DEL,2026-09-15,Ixigo,7066.084911689412
MAA,DEL,2026-09-15,IndiGo,7451.480278731682
MAA,DEL,2026-09-15,AirIndia,7140.935206177597
MAA,DEL,2026-09-15,Akasa,7602.572346779132
MAA,DEL,2026-09-30,MakeMyTrip,6655.25408799686
MAA,DEL,2026-09-30,Ixigo,6601.952259734475
MAA,DEL,2026-09-30,IndiGo,6155.584895799653
MAA,DEL,2026-09-30,AirIndia,6558.599594371052
MAA,DEL,2026-09-30,Akasa,6351.969409777264
DEL,BOM,2026-08-18,MakeMyTrip,10483.298030205597
DEL,BOM,2026-08-18,Ixigo,10467.792101231365
DEL,BOM,2026-08-18,IndiGo,9814.38393930227
DEL,BOM,2026-08-18,AirIndia,10282.937529506862
DEL,BOM,2026-08-18,Akasa,9788.56589198828
DEL,BOM,2026-08-24,MakeMyTrip,8184.1265276526765
DEL,BOM,2026-08-24,Ixigo,8277.737697734865
DEL,BOM,2026-08-24,IndiGo,8451.196987696223
DEL,BOM,2026-08-24,AirIndia,8446.746305486584
DEL,BOM,2026-08-24,Akasa,8583.423350348496
DEL,BOM,2026-09-01,MakeMyTrip,7031.466758496112
DEL,BOM,2026-09-01,Ixigo,7006.553685472627
DEL,BOM,2026-09-01,IndiGo,7143.35112856669
DEL,BOM,2026-09-01,AirIndia,7009.473858302719
DEL,BOM,2026-09-01,Akasa,6824.893263467118
DEL,BOM,2026-09-16,MakeMyTrip,5882.616797025177
DEL,BOM,2026-09-16,Ixigo,5963.732219650688
DEL,BOM,2026-09-16,IndiGo,5681.670919937809
DEL,BOM,2026-09-16,AirIndia,5810.387172549331
DEL,BOM,2026-09-16,Akasa,5864.529818192485
DEL,BOM,2026-10-01,MakeMyTrip,5046.101760940946
DEL,BOM,2026-10-01,Ixigo,5212.96534096232
DEL,BOM,2026-10-01,IndiGo,5029.014401822914
DEL,BOM,2026-10-01,AirIndia,5350.077208582914
DEL,BOM,2026-10-01,Akasa,5427.509614525716
DEL,BLR,2026-08-18,MakeMyTrip,12941.660255387222
DEL,BLR,2026-08-18,Ixigo,13209.794359781861
DEL,BLR,2026-08-18,IndiGo,12722.148850940539
DEL,BLR,2026-08-18,AirIndia,13910.852769669298
DEL,BLR,2026-08-18,Akasa,13218.59172855034
DEL,BLR,2026-08-24,MakeMyTrip,11226.510670126641
DEL,BLR,2026-08-24,Ixigo,11097.441824937723
DEL,BLR,2026-08-24,IndiGo,10682.209288606895
DEL,BLR,2026-08-24,AirIndia,10253.81491491059
DEL,BLR,2026-08-24,Akasa,11077.69754410374
DEL,BLR,2026-09-01,MakeMyTrip,8687.484249179892
DEL,BLR,2026-09-01,Ixigo,8864.992036981861
DEL,BLR,2026-09-01,IndiGo,9084.345213993984
DEL,BLR,2026-09-01,AirIndia,8639.434321856581
DEL,BLR,2026-09-16,MakeMyTrip,7739.34318080267
DEL,BLR,2026-09-16,Ixigo,7974.4932252517
DEL,BLR,2026-09-16,IndiGo,7479.565427374278
DEL,BLR,2026-09-16,AirIndia,7459.028345390028
DEL,BLR,2026-09-16,Akasa,7743.277329687079
DEL,BLR,2026-10-01,MakeMyTrip,6627.345530989155
DEL,BLR,2026-10-01,Ixigo,6729.79515746797
DEL,BLR,2026-10-01,IndiGo,6720.095326831042
DEL,BLR,2026-10-01,AirIndia,6507.475391145303
DEL,BLR,2026-10-01,Akasa,6558.931201386397
BOM,BLR,2026-08-18,MakeMyTrip,8652.152408401815
BOM,BLR,2026-08-18,Ixigo,8160.847639116737
BOM,BLR,2026-08-18,IndiGo,8503.822653715602
BOM,BLR,2026-08-18,AirIndia,8368.348628910811
BOM,BLR,2026-08-18,Akasa,8418.649430327598
BOM,BLR,2026-08-24,MakeMyTrip,6765.368147950378
BOM,BLR,2026-08-24,Ixigo,6769.365556612107
BOM,BLR,2026-08-24,IndiGo,7081.6286872652745
BOM,BLR,2026-08-24,AirIndia,6512.661749374386
BOM,BLR,2026-08-24,Akasa,6763.796938311001
BOM,BLR,2026-09-01,MakeMyTrip,5508.6614038057905
BOM,BLR,2026-09-01,Ixigo,5864.1612505983985
BOM,BLR,2026-09-01,IndiGo,5527.4994145546725
BOM,BLR,2026-09-01,AirIndia,5464.124013506633
BOM,BLR,2026-09-01,Akasa,5704.723528412929
BOM,BLR,2026-09-16,MakeMyTrip,5132.560233754743
BOM,BLR,2026-09-16,Ixigo,5006.499001091343
BOM,BLR,2026-09-16,IndiGo,4896.327371520053
BOM,BLR,2026-09-16,AirIndia,4859.694143238607
BOM,BLR,2026-09-16,Akasa,4818.9680875567
BOM,BLR,2026-10-01,MakeMyTrip,4387.386576329093
BOM,BLR,2026-10-01,Ixigo,4419.141656520299
BOM,BLR,2026-10-01,IndiGo,4551.366268729253
BOM,BLR,2026-10-01,AirIndia,4322.4763369791
BOM,BLR,2026-10-01,Akasa,4315.7516933148045
DEL,CCU,2026-08-18,MakeMyTrip,11401.577851805743
DEL,CCU,2026-08-18,Ixigo,11046.127370078397
DEL,CCU,2026-08-18,IndiGo,11819.1132791891
DEL,CCU,2026-08-18,AirIndia,11613.899157599022
DEL,CCU,2026-08-18,Akasa,11773.634563842716
DEL,CCU,2026-08-24,MakeMyTrip,8734.32109507727
DEL,CCU,2026-08-24,Ixigo,9128.907290269473
DEL,CCU,2026-08-24,IndiGo,9155.791284622132
DEL,CCU,2026-08-24,AirIndia,9234.3984701855
DEL,CCU,2026-08-24,Akasa,9549.662324668756
DEL,CCU,2026-09-01,MakeMyTrip,7352.765624804682
DEL,CCU,2026-09-01,Ixigo,7993.46579908799
DEL,CCU,2026-09-01,IndiGo,7370.947469612645
DEL,CCU,2026-09-01,AirIndia,7438.796301694357
DEL,CCU,2026-09-01,Akasa,7594.957394900397
DEL,CCU,2026-09-16,MakeMyTrip,6457.04575745243
DEL,CCU,2026-09-16,Ixigo,6422.540083892447
DEL,CCU,2026-09-16,IndiGo,6832.687921455943
DEL,CCU,2026-09-16,AirIndia,6454.602268081857
DEL,CCU,2026-09-16,Akasa,6611.27798228649
DEL,CCU,2026-10-01,MakeMyTrip,5794.098391478458
DEL,CCU,2026-10-01,Ixigo,5976.863716753056
DEL,CCU,2026-10-01,AirIndia,5836.752158333298
DEL,CCU,2026-10-01,Akasa,5932.087482003458
BLR,HYD,2026-08-18,IndiGo,6108.082589218244
BLR,HYD,2026-08-18,AirIndia,6338.136897495306
BLR,HYD,2026-08-18,Akasa,5889.5107192394935
BLR,HYD,2026-08-24,MakeMyTrip,4852.754383851558
BLR,HYD,2026-08-24,Ixigo,5148.355398821748
BLR,HYD,2026-08-24,IndiGo,4767.454766261835
BLR,HYD,2026-08-24,AirIndia,5018.478218413719
BLR,HYD,2026-08-24,Akasa,5013.3200386684675
BLR,HYD,2026-09-01,MakeMyTrip,4204.424583114395
BLR,HYD,2026-09-01,Ixigo,4092.0655704858027
BLR,HYD,2026-09-01,IndiGo,4169.273009970419
BLR,HYD,2026-09-01,AirIndia,3974.820084979643
BLR,HYD,2026-09-01,Akasa,4225.277381095639
BLR,HYD,2026-09-16,MakeMyTrip,3479.984359690159
BLR,HYD,2026-09-16,Ixigo,3725.6564744791476
BLR,HYD,2026-09-16,IndiGo,3464.7300324063017
BLR,HYD,2026-09-16,AirIndia,3538.4971317154227
BLR,HYD,2026-09-16,Akasa,3736.8490353541397
BLR,HYD,2026-10-01,MakeMyTrip,3260.251688245113
BLR,HYD,2026-10-01,Ixigo,3177.663014907076
BLR,HYD,2026-10-01,IndiGo,3260.469385788519
BLR,HYD,2026-10-01,AirIndia,3074.502382537693
BLR,HYD,2026-10-01,Akasa,3201.6268920291536
MAA,DEL,2026-08-18,Ixigo,12684.334457986404
MAA,DEL,2026-08-18,IndiGo,13009.52729642965
MAA,DEL,2026-08-18,AirIndia,12997.860605543745
MAA,DEL,2026-08-18,Akasa,12593.535129848065
MAA,DEL,2026-08-24,MakeMyTrip,10427.212086321144
MAA,DEL,2026-08-24,Ixigo,10469.549959851029
MAA,DEL,2026-08-24,IndiGo,10527.062021848571
MAA,DEL,2026-08-24,Akasa,10004.59619940992
MAA,DEL,2026-09-01,MakeMyTrip,8302.002678722103
MAA,DEL,2026-09-01,Ixigo,8188.566534903723
MAA,DEL,2026-09-01,IndiGo,8783.675886601919
MAA,DEL,2026-09-01,AirIndia,8352.656990537695
MAA,DEL,2026-09-01,Akasa,8224.423481195616
MAA,DEL,2026-09-16,MakeMyTrip,7557.70421622864
MAA,DEL,2026-09-16,Ixigo,7291.0899229363795
MAA,DEL,2026-09-16,IndiGo,7456.171136998724
MAA,DEL,2026-09-16,AirIndia,7446.542206980592
MAA,DEL,2026-09-16,Akasa,7510.9257184680755
MAA,DEL,2026-10-01,MakeMyTrip,6572.153859438814
MAA,DEL,2026-10-01,Ixigo,6359.142185624296
MAA,DEL,2026-10-01,IndiGo,6315.959266575213
MAA,DEL,2026-10-01,AirIndia,6709.270705114353
MAA,DEL,2026-10-01,Akasa,6452.47661319691
DEL,BOM,2026-08-19,MakeMyTrip,10457.698077834195
DEL,BOM,2026-08-19,Ixigo,10319.592538590658
DEL,BOM,2026-08-19,IndiGo,10229.255257707646
DEL,BOM,2026-08-19,AirIndia,10248.222460704668
DEL,BOM,2026-08-19,Akasa,10584.684469903767
DEL,BOM,2026-08-25,MakeMyTrip,8485.122343236715
DEL,BOM,2026-08-25,Ixigo,7899.101877851757
DEL,BOM,2026-08-25,IndiGo,8559.468989360636
DEL,BOM,2026-08-25,AirIndia,7976.12728142566
DEL,BOM,2026-08-25,Akasa,8427.087784782736
DEL,BOM,2026-09-02,MakeMyTrip,7128.313915308238
DEL,BOM,2026-09-02,Ixigo,6685.124844370136
DEL,BOM,2026-09-02,IndiGo,6652.858254191851
DEL,BOM,2026-09-02,AirIndia,6657.4984062940075
DEL,BOM,2026-09-02,Akasa,6695.742226731442
DEL,BOM,2026-09-17,MakeMyTrip,5770.832530973334
DEL,BOM,2026-09-17,Ixigo,6144.2695770735945
DEL,BOM,2026-09-17,IndiGo,5865.407166274425
DEL,BOM,2026-09-17,AirIndia,5803.0542278196945
DEL,BOM,2026-10-02,MakeMyTrip,5520.367378651152
DEL,BOM,2026-10-02,Ixigo,5459.417571660997
DEL,BOM,2026-10-02,IndiGo,5127.376612234171
DEL,BOM,2026-10-02,AirIndia,5451.166201224974
DEL,BOM,2026-10-02,Akasa,5291.423155864808
DEL,BLR,2026-08-19,MakeMyTrip,13305.35820431356
DEL,BLR,2026-08-19,Ixigo,13168.789845615456
DEL,BLR,2026-08-19,IndiGo,12804.695584025194
DEL,BLR,2026-08-19,AirIndia,13293.670845278446
DEL,BLR,2026-08-19,Akasa,13276.719217601418
DEL,BLR,2026-08-25,MakeMyTrip,10664.677606907884
DEL,BLR,2026-08-25,IndiGo,10924.16825213581
DEL,BLR,2026-08-25,AirIndia,10943.501302318153
DEL,BLR,2026-08-25,Akasa,10285.447483786083
DEL,BLR,2026-09-02,MakeMyTrip,9082.519010426997
DEL,BLR,2026-09-02,Ixigo,9294.05569841941
DEL,BLR,2026-09-02,IndiGo,9185.641562862931
DEL,BLR,2026-09-02,AirIndia,9251.759897965363
DEL,BLR,2026-09-02,Akasa,8978.873098535223
DEL,BLR,2026-09-17,MakeMyTrip,7703.359340751676
DEL,BLR,2026-09-17,Ixigo,7415.5310323724225
DEL,BLR,2026-09-17,IndiGo,6844.1286541319305
DEL,BLR,2026-09-17,AirIndia,7608.126448469591
DEL,BLR,2026-09-17,Akasa,7785.111824898024
DEL,BLR,2026-10-02,MakeMyTrip,6989.101548011105
DEL,BLR,2026-10-02,Ixigo,6690.22929901036
DEL,BLR,2026-10-02,IndiGo,6852.618564326111
DEL,BLR,2026-10-02,AirIndia,6510.211403968691
DEL,BLR,2026-10-02,Akasa,6748.997332443341
BOM,BLR,2026-08-19,MakeMyTrip,7184.114392275141
BOM,BLR,2026-08-19,Ixigo,8449.210632484723
BOM,BLR,2026-08-19,IndiGo,8445.928037494925
BOM,BLR,2026-08-19,AirIndia,8586.722658669196
BOM,BLR,2026-08-19,Akasa,8436.512671217624
BOM,BLR,2026-08-25,MakeMyTrip,6754.05737683283
BOM,BLR,2026-08-25,Ixigo,6940.085008175514
BOM,BLR,2026-08-25,IndiGo,6538.760299776727
BOM,BLR,2026-08-25,AirIndia,6737.761548259767
BOM,BLR,2026-08-25,Akasa,6997.96518888522
BOM,BLR,2026-09-02,MakeMyTrip,5698.371009569328
BOM,BLR,2026-09-02,Ixigo,5496.261939286182
BOM,BLR,2026-09-02,IndiGo,5635.270245892596
BOM,BLR,2026-09-02,AirIndia,5938.048890036839
BOM,BLR,2026-09-17,MakeMyTrip,4700.16237138993
BOM,BLR,2026-09-17,Ixigo,4865.316467501671
BOM,BLR,2026-09-17,IndiGo,5064.327113351979
BOM,BLR,2026-09-17,AirIndia,4846.011048133466
BOM,BLR,2026-09-17,Akasa,4767.744967492695
BOM,BLR,2026-10-02,MakeMyTrip,4376.8368835397005
BOM,BLR,2026-10-02,Ixigo,4520.949129452864
BOM,BLR,2026-10-02,IndiGo,4295.4255842685525
BOM,BLR,2026-10-02,AirIndia,4477.131679954528
BOM,BLR,2026-10-02,Akasa,4415.543141406218
DEL,CCU,2026-08-19,MakeMyTrip,11390.47237687109
DEL,CCU,2026-08-19,Ixigo,10888.079636958804
DEL,CCU,2026-08-19,IndiGo,11134.904852680309
DEL,CCU,2026-08-19,AirIndia,11261.392738757815
DEL,CCU,2026-08-19,Akasa,11545.807206668766
DEL,CCU,2026-08-25,MakeMyTrip,9324.747256103927
DEL,CCU,2026-08-25,Ixigo,8891.011957619461
DEL,CCU,2026-08-25,IndiGo,8939.644015874357
DEL,CCU,2026-08-25,AirIndia,9382.935674966497
DEL,CCU,2026-08-25,Akasa,9257.019030947597
DEL,CCU,2026-09-02,MakeMyTrip,7411.112608989114
DEL,CCU,2026-09-02,Ixigo,7523.54015305175
DEL,CCU,2026-09-02,IndiGo,7914.1448305911035
DEL,CCU,2026-09-02,AirIndia,7606.212501224821
DEL,CCU,2026-09-02,Akasa,7491.23485469359
DEL,CCU,2026-09-17,MakeMyTrip,6323.028268993006
DEL,CCU,2026-09-17,Ixigo,6770.152613341279
DEL,CCU,2026-09-17,IndiGo,6516.283098731433
DEL,CCU,2026-09-17,Akasa,6278.341408680067
DEL,CCU,2026-10-02,MakeMyTrip,6026.844338149479
DEL,CCU,2026-10-02,Ixigo,6031.03890974445
DEL,CCU,2026-10-02,IndiGo,5922.965420895874
DEL,CCU,2026-10-02,AirIndia,5952.022240808554
DEL,CCU,2026-10-02,Akasa,5957.686269714425
BLR,HYD,2026-08-19,MakeMyTrip,6290.743212469101
BLR,HYD,2026-08-19,Ixigo,6097.877661488477
BLR,HYD,2026-08-19,IndiGo,6258.384964496671
BLR,HYD,2026-08-19,AirIndia,6036.108092251806
BLR,HYD,2026-08-19,Akasa,5936.3826681527635
BLR,HYD,2026-08-25,MakeMyTrip,4911.865701392236
BLR,HYD,2026-08-25,Ixigo,4935.475230555159
BLR,HYD,2026-08-25,IndiGo,4961.174261191588
BLR,HYD,2026-08-25,AirIndia,5116.004020269851
BLR,HYD,2026-08-25,Akasa,5040.019146075973
BLR,HYD,2026-09-02,MakeMyTrip,4347.120003242604
BLR,HYD,2026-09-02,Ixigo,4282.2133687260775
BLR,HYD,2026-09-02,IndiGo,4071.1117738091284
BLR,HYD,2026-09-02,AirIndia,4113.595223207338
BLR,HYD,2026-09-02,Akasa,4308.51090258528
BLR,HYD,2026-09-17,MakeMyTrip,3721.3129313638437
BLR,HYD,2026-09-17,Ixigo,3451.9608270657504
BLR,HYD,2026-09-17,IndiGo,3491.4451437939333
BLR,HYD,2026-09-17,AirIndia,3526.545655320082
BLR,HYD,2026-09-17,Akasa,3681.7183360497643
BLR,HYD,2026-10-02,MakeMyTrip,3281.0095435359826
BLR,HYD,2026-10-02,Ixigo,3323.6508289536864
BLR,HYD,2026-10-02,IndiGo,3321.345058205356
BLR,HYD,2026-10-02,AirIndia,3130.650086567642
BLR,HYD,2026-10-02,Akasa,3266.44442889376
MAA,DEL,2026-08-19,MakeMyTrip,12865.457792682797
MAA,DEL,2026-08-19,Ixigo,12235.077385455748
MAA,DEL,2026-08-19,IndiGo,12012.411686378757
MAA,DEL,2026-08-19,AirIndia,12718.29798702831
MAA,DEL,2026-08-19,Akasa,12888.078653050905
MAA,DEL,2026-08-25,MakeMyTrip,9795.166878204354
MAA,DEL,2026-08-25,Ixigo,10593.15278543963
MAA,DEL,2026-08-25,IndiGo,9923.92416507568
MAA,DEL,2026-08-25,AirIndia,9944.745740026317
MAA,DEL,2026-08-25,Akasa,10054.877620671527
MAA,DEL,2026-09-02,MakeMyTrip,6929.477942846025
MAA,DEL,2026-09-02,Ixigo,8268.654132248343
MAA,DEL,2026-09-02,IndiGo,8435.2605825797
MAA,DEL,2026-09-02,AirIndia,8178.925067193035
MAA,DEL,2026-09-02,Akasa,8117.344820426875
MAA,DEL,2026-09-17,MakeMyTrip,7405.340409393534
MAA,DEL,2026-09-17,Ixigo,7067.96287229954
MAA,DEL,2026-09-17,IndiGo,7456.207619897174
MAA,DEL,2026-09-17,AirIndia,7079.180568749697
MAA,DEL,2026-09-17,Akasa,7407.839741597543
MAA,DEL,2026-10-02,MakeMyTrip,6244.246690204739
MAA,DEL,2026-10-02,Ixigo,6534.9516477096395
MAA,DEL,2026-10-02,IndiGo,6575.985338819171
MAA,DEL,2026-10-02,AirIndia,6236.397036030842
MAA,DEL,2026-10-02,Akasa,6577.578551265813
DEL,BOM,2026-08-20,MakeMyTrip,10523.933377610758
DEL,BOM,2026-08-20,Ixigo,9847.38695714361
DEL,BOM,2026-08-20,IndiGo,10695.851156011064
DEL,BOM,2026-08-20,AirIndia,10386.225268031107
DEL,BOM,2026-08-20,Akasa,10042.059784792871
DEL,BOM,2026-08-26,MakeMyTrip,8427.334712482269
DEL,BOM,2026-08-26,Ixigo,8354.800968764477
DEL,BOM,2026-08-26,IndiGo,8634.340225938542
DEL,BOM,2026-08-26,AirIndia,8144.5156771360935
DEL,BOM,2026-08-26,Akasa,7984.326104767907
DEL,BOM,2026-09-03,MakeMyTrip,7242.560164419272
DEL,BOM,2026-09-03,Ixigo,7178.204864892108
DEL,BOM,2026-09-03,IndiGo,6915.974487795212
DEL,BOM,2026-09-03,AirIndia,7134.314602391199
DEL,BOM,2026-09-03,Akasa,7157.317066303549
DEL,BOM,2026-09-18,MakeMyTrip,4966.976259985005
DEL,BOM,2026-09-18,Ixigo,5926.829558474379
DEL,BOM,2026-09-18,IndiGo,5936.021292590042
DEL,BOM,2026-09-18,AirIndia,5760.729896761973
DEL,BOM,2026-09-18,Akasa,5837.740442521136
DEL,BOM,2026-10-03,MakeMyTrip,5455.149109334779
DEL,BOM,2026-10-03,Ixigo,5150.424058817507
DEL,BOM,2026-10-03,IndiGo,5427.320173897934
DEL,BOM,2026-10-03,AirIndia,5428.022236830046
DEL,BOM,2026-10-03,Akasa,5186.323870516163
DEL,BLR,2026-08-20,MakeMyTrip,13210.017140210828
DEL,BLR,2026-08-20,IndiGo,13498.519309727877
DEL,BLR,2026-08-20,AirIndia,14028.877294622534
DEL,BLR,2026-08-26,MakeMyTrip,11232.975233612651
DEL,BLR,2026-08-26,Ixigo,10423.465636472554
DEL,BLR,2026-08-26,IndiGo,10258.717594020754
DEL,BLR,2026-08-26,AirIndia,10658.178974721604
DEL,BLR,2026-08-26,Akasa,10363.414434337948
DEL,BLR,2026-09-03,MakeMyTrip,9283.940894808788
DEL,BLR,2026-09-03,Ixigo,8695.49242352597
DEL,BLR,2026-09-03,IndiGo,8755.27689919998
DEL,BLR,2026-09-03,AirIndia,8815.081903913293
DEL,BLR,2026-09-03,Akasa,8949.371741375191
DEL,BLR,2026-09-18,MakeMyTrip,7806.191773043531
DEL,BLR,2026-09-18,Ixigo,8060.025783178399
DEL,BLR,2026-09-18,IndiGo,7867.651854450349
DEL,BLR,2026-09-18,AirIndia,7818.446216086973
DEL,BLR,2026-09-18,Akasa,7397.563164845809
DEL,BLR,2026-10-03,MakeMyTrip,7154.217077854484
DEL,BLR,2026-10-03,Ixigo,6673.349905844876
DEL,BLR,2026-10-03,IndiGo,6871.010420159995
DEL,BLR,2026-10-03,AirIndia,6844.635656348717
DEL,BLR,2026-10-03,Akasa,6981.703451407245
BOM,BLR,2026-08-20,MakeMyTrip,8542.016845533892
BOM,BLR,2026-08-20,Ixigo,8668.641977411246
BOM,BLR,2026-08-20,IndiGo,8384.613772851964
BOM,BLR,2026-08-20,AirIndia,8320.045287463887
BOM,BLR,2026-08-20,Akasa,8573.268968406544
BOM,BLR,2026-08-26,MakeMyTrip,6631.79246525614
BOM,BLR,2026-08-26,Ixigo,7080.622217673531
BOM,BLR,2026-08-26,IndiGo,6514.611022309705
BOM,BLR,2026-08-26,AirIndia,6822.713724032034
BOM,BLR,2026-08-26,Akasa,6904.282666448599
BOM,BLR,2026-09-03,MakeMyTrip,6006.2554903864875
BOM,BLR,2026-09-03,Ixigo,5843.456777652076
BOM,BLR,2026-09-03,IndiGo,5549.267889116538
BOM,BLR,2026-09-03,AirIndia,6004.402317244321
BOM,BLR,2026-09-03,Akasa,5829.030822923682
BOM,BLR,2026-09-18,MakeMyTrip,4989.227114606648
BOM,BLR,2026-09-18,Ixigo,4838.659031726562
BOM,BLR,2026-09-18,IndiGo,4709.411498080026
BOM,BLR,2026-09-18,AirIndia,5024.671164041718
BOM,BLR,2026-09-18,Akasa,5097.467372916515
BOM,BLR,2026-10-03,MakeMyTrip,4414.414599106225
BOM,BLR,2026-10-03,Ixigo,4184.96021664237
BOM,BLR,2026-10-03,IndiGo,4581.965520532598
BOM,BLR,2026-10-03,AirIndia,4425.205471644022
BOM,BLR,2026-10-03,Akasa,4380.936018997552
DEL,CCU,2026-08-20,MakeMyTrip,11501.233386231894
DEL,CCU,2026-08-20,Ixigo,11615.106868947054
DEL,CCU,2026-08-20,IndiGo,11173.725915798264
DEL,CCU,2026-08-20,AirIndia,11808.801132536173
DEL,CCU,2026-08-20,Akasa,11207.97154474786
DEL,CCU,2026-08-26,MakeMyTrip,8974.308989595675
DEL,CCU,2026-08-26,Ixigo,8924.762621017662
DEL,CCU,2026-08-26,IndiGo,9535.927175795317
DEL,CCU,2026-08-26,AirIndia,9134.23274461901
DEL,CCU,2026-08-26,Akasa,9065.022639611569
DEL,CCU,2026-09-03,MakeMyTrip,7858.39222274687
DEL,CCU,2026-09-03,Ixigo,7468.917211010549
DEL,CCU,2026-09-03,IndiGo,7672.511838200899
DEL,CCU,2026-09-03,AirIndia,7679.377049619931
DEL,CCU,2026-09-03,Akasa,7489.233985521709
DEL,CCU,2026-09-18,MakeMyTrip,6816.484877805781
DEL,CCU,2026-09-18,Ixigo,6783.2415160289665
DEL,CCU,2026-09-18,IndiGo,6303.472291039387
DEL,CCU,2026-09-18,AirIndia,6339.267423657817
DEL,CCU,2026-09-18,Akasa,6756.209325192914
DEL,CCU,2026-10-03,MakeMyTrip,6058.3758647641225
DEL,CCU,2026-10-03,Ixigo,5932.736878700838
DEL,CCU,2026-10-03,IndiGo,5815.119026703396
DEL,CCU,2026-10-03,AirIndia,5994.8643469024755
DEL,CCU,2026-10-03,Akasa,5873.4638517158255
BLR,HYD,2026-08-20,MakeMyTrip,5889.308205678406
BLR,HYD,2026-08-20,Ixigo,6243.96379390364
BLR,HYD,2026-08-20,IndiGo,6246.406045041447
BLR,HYD,2026-08-20,AirIndia,6015.150066597826
BLR,HYD,2026-08-20,Akasa,6384.182265539002
BLR,HYD,2026-08-26,MakeMyTrip,5104.666310647592
BLR,HYD,2026-08-26,Ixigo,4796.180440541241
BLR,HYD,2026-08-26,IndiGo,4909.4986063032065
BLR,HYD,2026-08-26,AirIndia,5066.7270732447505
BLR,HYD,2026-08-26,Akasa,5089.303796681349
BLR,HYD,2026-09-03,MakeMyTrip,4349.226978037768
BLR,HYD,2026-09-03,Ixigo,4346.08878513945
BLR,HYD,2026-09-03,IndiGo,4292.821425705395
BLR,HYD,2026-09-03,AirIndia,4102.428031706502
BLR,HYD,2026-09-03,Akasa,4004.2811122978205
BLR,HYD,2026-09-18,MakeMyTrip,3478.1063952614513
BLR,HYD,2026-09-18,Ixigo,3691.5350864793013
BLR,HYD,2026-09-18,IndiGo,3560.7786419117447
BLR,HYD,2026-09-18,AirIndia,3528.61220090726
BLR,HYD,2026-09-18,Akasa,3700.7334927948195
BLR,HYD,2026-10-03,MakeMyTrip,3263.8303747059344
BLR,HYD,2026-10-03,Ixigo,3241.766346753483
BLR,HYD,2026-10-03,IndiGo,3160.6675229589882
BLR,HYD,2026-10-03,AirIndia,3285.653202495614
BLR,HYD,2026-10-03,Akasa,3216.508795411356
MAA,DEL,2026-08-20,MakeMyTrip,13118.041967214216
MAA,DEL,2026-08-20,Ixigo,12295.428585540574
MAA,DEL,2026-08-20,IndiGo,12452.228415136151
MAA,DEL,2026-08-20,AirIndia,13130.938852965604
MAA,DEL,2026-08-20,Akasa,13059.203449442899
MAA,DEL,2026-08-26,MakeMyTrip,9794.298562553477
MAA,DEL,2026-08-26,Ixigo,10304.603648581156
MAA,DEL,2026-08-26,IndiGo,10328.286820417296
MAA,DEL,2026-08-26,AirIndia,10413.145030022715
MAA,DEL,2026-08-26,Akasa,10421.93685567527
MAA,DEL,2026-09-03,MakeMyTrip,8668.890841408573
MAA,DEL,2026-09-03,Ixigo,8367.314235387668
MAA,DEL,2026-09-03,IndiGo,8674.58226570711
MAA,DEL,2026-09-03,AirIndia,8324.860010652594
MAA,DEL,2026-09-03,Akasa,8798.408274935939
MAA,DEL,2026-09-18,MakeMyTrip,7445.83066061335
MAA,DEL,2026-09-18,Ixigo,6991.365335305166
MAA,DEL,2026-09-18,IndiGo,7260.057479528732
MAA,DEL,2026-09-18,AirIndia,7359.477993700961
MAA,DEL,2026-09-18,Akasa,7132.369628763864
MAA,DEL,2026-10-03,MakeMyTrip,6591.176473767822
MAA,DEL,2026-10-03,Ixigo,6674.404578422973
MAA,DEL,2026-10-03,IndiGo,6604.842242322046
MAA,DEL,2026-10-03,AirIndia,6698.768922512481
MAA,DEL,2026-10-03,Akasa,6458.016476857189
DEL,BOM,2026-08-21,MakeMyTrip,10729.597002043301
DEL,BOM,2026-08-21,Ixigo,9928.159044841528
DEL,BOM,2026-08-21,IndiGo,9960.62171551491
DEL,BOM,2026-08-21,AirIndia,8606.27553626756
DEL,BOM,2026-08-21,Akasa,10022.945866444095
DEL,BOM,2026-08-27,MakeMyTrip,8003.697304043855
DEL,BOM,2026-08-27,Ixigo,8290.993731601999
DEL,BOM,2026-08-27,IndiGo,8531.314089327405
DEL,BOM,2026-08-27,AirIndia,8390.695870541553
DEL,BOM,2026-08-27,Akasa,8274.78924334655
DEL,BOM,2026-09-04,MakeMyTrip,7216.135494994332
DEL,BOM,2026-09-04,Ixigo,7054.175436570558
DEL,BOM,2026-09-04,IndiGo,6999.070349723352
DEL,BOM,2026-09-04,AirIndia,6823.190899820249
DEL,BOM,2026-09-04,Akasa,6654.682594169877
DEL,BOM,2026-09-19,MakeMyTrip,6005.580021793501
DEL,BOM,2026-09-19,Ixigo,5796.538369254731
DEL,BOM,2026-09-19,IndiGo,5717.398763373613
DEL,BOM,2026-09-19,AirIndia,5957.2585128466835
DEL,BOM,2026-09-19,Akasa,6218.3190469547635
DEL,BOM,2026-10-04,MakeMyTrip,5447.277203934204
DEL,BOM,2026-10-04,Ixigo,5497.7648359295135
DEL,BOM,2026-10-04,IndiGo,5213.937523880103
DEL,BOM,2026-10-04,AirIndia,5520.878820462543
DEL,BOM,2026-10-04,Akasa,5065.638087692909
DEL,BLR,2026-08-21,MakeMyTrip,12865.04083478288
DEL,BLR,2026-08-21,Ixigo,13119.624900365921
DEL,BLR,2026-08-21,IndiGo,13147.71635133398
DEL,BLR,2026-08-21,AirIndia,13550.804336042307
DEL,BLR,2026-08-21,Akasa,12822.432602100456
DEL,BLR,2026-08-27,MakeMyTrip,10689.298104460802
DEL,BLR,2026-08-27,Ixigo,11199.36976639915
DEL,BLR,2026-08-27,IndiGo,10882.332897482678
DEL,BLR,2026-08-27,AirIndia,10785.299366270625
DEL,BLR,2026-08-27,Akasa,10590.2701034376
DEL,BLR,2026-09-04,MakeMyTrip,8622.440159031556
DEL,BLR,2026-09-04,Ixigo,9081.116729208397
DEL,BLR,2026-09-04,IndiGo,9263.570299360383
DEL,BLR,2026-09-04,AirIndia,9093.492975412626
DEL,BLR,2026-09-04,Akasa,8774.890583722616
DEL,BLR,2026-09-19,MakeMyTrip,8084.088517134414
DEL,BLR,2026-09-19,Ixigo,8066.30360031375
DEL,BLR,2026-09-19,IndiGo,7955.905393223322
DEL,BLR,2026-09-19,AirIndia,7837.432701838685
DEL,BLR,2026-09-19,Akasa,7555.5093274250075
DEL,BLR,2026-10-04,MakeMyTrip,7177.440192518949
DEL,BLR,2026-10-04,Ixigo,7073.578319660032
DEL,BLR,2026-10-04,IndiGo,6872.745900673774
DEL,BLR,2026-10-04,AirIndia,6980.395452544189
DEL,BLR,2026-10-04,Akasa,7177.164671794721
BOM,BLR,2026-08-21,MakeMyTrip,8491.966830060028
BOM,BLR,2026-08-21,Ixigo,8598.69736853354
BOM,BLR,2026-08-21,IndiGo,8302.162704332208
BOM,BLR,2026-08-21,AirIndia,8251.078265317057
BOM,BLR,2026-08-21,Akasa,8827.01896397634
BOM,BLR,2026-08-27,MakeMyTrip,6835.041485898506
BOM,BLR,2026-08-27,Ixigo,6793.534174065116
BOM,BLR,2026-08-27,IndiGo,7022.341651735032
BOM,BLR,2026-08-27,AirIndia,6573.67606614489
BOM,BLR,2026-08-27,Akasa,6769.437431208762
BOM,BLR,2026-09-04,MakeMyTrip,5943.808835614353
BOM,BLR,2026-09-04,Ixigo,5738.3150469067805
BOM,BLR,2026-09-04,IndiGo,4797.175505751212
BOM,BLR,2026-09-04,AirIndia,5820.6047445344375
BOM,BLR,2026-09-04,Akasa,5613.619915255365
BOM,BLR,2026-09-19,MakeMyTrip,4838.151624886241
BOM,BLR,2026-09-19,Ixigo,4804.897602252106
BOM,BLR,2026-09-19,IndiGo,4759.3619352793485
BOM,BLR,2026-09-19,AirIndia,4786.983392898446
BOM,BLR,2026-09-19,Akasa,5019.765353082714
BOM,BLR,2026-10-04,MakeMyTrip,4430.104668773965
BOM,BLR,2026-10-04,Ixigo,4571.511289761163
BOM,BLR,2026-10-04,IndiGo,4509.564541166329
BOM,BLR,2026-10-04,AirIndia,4595.415376124631
BOM,BLR,2026-10-04,Akasa,4292.8556399001045
DEL,CCU,2026-08-21,MakeMyTrip,11885.344357780039
DEL,CCU,2026-08-21,Ixigo,11792.076186826016
DEL,CCU,2026-08-21,IndiGo,10979.448517612569
DEL,CCU,2026-08-21,Akasa,11195.357149906882
DEL,CCU,2026-08-27,MakeMyTrip,9516.9594325285
DEL,CCU,2026-08-27,Ixigo,9603.97554127115
DEL,CCU,2026-08-27,IndiGo,8910.296000997741
DEL,CCU,2026-08-27,Akasa,8957.830067708452
DEL,CCU,2026-09-04,MakeMyTrip,7945.591796487106
DEL,CCU,2026-09-04,Ixigo,7504.7463171889995
DEL,CCU,2026-09-04,IndiGo,7654.05861989573
DEL,CCU,2026-09-04,AirIndia,7421.932623424642
DEL,CCU,2026-09-04,Akasa,7561.379295780323
DEL,CCU,2026-09-19,MakeMyTrip,6355.346849042268
DEL,CCU,2026-09-19,Ixigo,6464.7454005306345
DEL,CCU,2026-09-19,IndiGo,6701.293561353136
DEL,CCU,2026-09-19,AirIndia,6515.052494249851
DEL,CCU,2026-09-19,Akasa,6818.920814898284
DEL,CCU,2026-10-04,MakeMyTrip,5823.8028352629535
DEL,CCU,2026-10-04,Ixigo,5915.826879930667
DEL,CCU,2026-10-04,IndiGo,5586.588715679536
DEL,CCU,2026-10-04,AirIndia,5632.115063557894
DEL,CCU,2026-10-04,Akasa,5925.89017544749
BLR,HYD,2026-08-21,MakeMyTrip,6253.380829557313
BLR,HYD,2026-08-21,Ixigo,6295.537878926823
BLR,HYD,2026-08-21,IndiGo,6085.238982417161
BLR,HYD,2026-08-21,AirIndia,6171.30725247849
BLR,HYD,2026-08-21,Akasa,6104.846928876236
BLR,HYD,2026-08-27,MakeMyTrip,5177.129320216723
BLR,HYD,2026-08-27,Ixigo,4792.52584329577
BLR,HYD,2026-08-27,IndiGo,4750.6063976819705
BLR,HYD,2026-08-27,AirIndia,5148.356008292707
BLR,HYD,2026-08-27,Akasa,5036.264088187733
BLR,HYD,2026-09-04,MakeMyTrip,4256.417818715125
BLR,HYD,2026-09-04,Ixigo,4226.79607988745
BLR,HYD,2026-09-04,IndiGo,4163.9893158558625
BLR,HYD,2026-09-04,Akasa,4272.787973373312
BLR,HYD,2026-09-19,MakeMyTrip,3678.68290477769
BLR,HYD,2026-09-19,Ixigo,3761.1025320605427
BLR,HYD,2026-09-19,IndiGo,3444.3995697350633
BLR,HYD,2026-09-19,AirIndia,3498.6381699621556
BLR,HYD,2026-09-19,Akasa,3756.295612424213
BLR,HYD,2026-10-04,MakeMyTrip,3129.4725820467065
BLR,HYD,2026-10-04,Ixigo,3312.473487921518
BLR,HYD,2026-10-04,IndiGo,3116.992550108186
BLR,HYD,2026-10-04,AirIndia,3307.7896646220033
BLR,HYD,2026-10-04,Akasa,3323.384251207155
MAA,DEL,2026-08-21,MakeMyTrip,12618.818776432183
MAA,DEL,2026-08-21,Ixigo,12266.381226059433
MAA,DEL,2026-08-21,IndiGo,13141.187572747895
MAA,DEL,2026-08-21,AirIndia,13037.885675478065
MAA,DEL,2026-08-21,Akasa,12517.423984491015
MAA,DEL,2026-08-27,MakeMyTrip,10615.142765351364
MAA,DEL,2026-08-27,Ixigo,10549.240995806298
MAA,DEL,2026-08-27,IndiGo,9948.14662248721
MAA,DEL,2026-08-27,AirIndia,9828.659874250163
MAA,DEL,2026-08-27,Akasa,9910.597933664516
MAA,DEL,2026-09-04,MakeMyTrip,8683.53960072715
MAA,DEL,2026-09-04,Ixigo,8755.967757605216
MAA,DEL,2026-09-04,IndiGo,8547.507102839218
MAA,DEL,2026-09-04,AirIndia,8444.638694009314
MAA,DEL,2026-09-04,Akasa,8527.02596330066
MAA,DEL,2026-09-19,Ixigo,7175.3499230479865
MAA,DEL,2026-09-19,IndiGo,7616.715649408813
MAA,DEL,2026-09-19,AirIndia,7054.986610557636
MAA,DEL,2026-09-19,Akasa,7207.3048890535965
MAA,DEL,2026-10-04,MakeMyTrip,6561.438536872734
MAA,DEL,2026-10-04,Ixigo,6430.177598054801
MAA,DEL,2026-10-04,IndiGo,6413.732726704264
MAA,DEL,2026-10-04,AirIndia,6576.427837731239
MAA,DEL,2026-10-04,Akasa,6698.455723761828
DEL,BOM,2026-08-22,MakeMyTrip,10613.696583201681
DEL,BOM,2026-08-22,IndiGo,10643.468382431542
DEL,BOM,2026-08-22,AirIndia,10533.248900975308
DEL,BOM,2026-08-22,Akasa,10370.292291068812
DEL,BOM,2026-08-28,MakeMyTrip,8580.184561045051
DEL,BOM,2026-08-28,Ixigo,8579.825560779527
DEL,BOM,2026-08-28,IndiGo,8445.24628034099
DEL,BOM,2026-08-28,AirIndia,8239.422429477894
DEL,BOM,2026-08-28,Akasa,8301.135285821887
DEL,BOM,2026-09-05,MakeMyTrip,6963.802511671234
DEL,BOM,2026-09-05,Ixigo,6707.870433613219
DEL,BOM,2026-09-05,IndiGo,7280.11679849664
DEL,BOM,2026-09-05,AirIndia,6164.942846770287
DEL,BOM,2026-09-05,Akasa,6984.566447226771
DEL,BOM,2026-09-20,MakeMyTrip,5826.018919042727
DEL,BOM,2026-09-20,Ixigo,6140.320043184388
DEL,BOM,2026-09-20,IndiGo,5711.100115653055
DEL,BOM,2026-09-20,AirIndia,6253.164423587848
DEL,BOM,2026-09-20,Akasa,6151.969481228687
DEL,BOM,2026-10-05,MakeMyTrip,5258.820367856615
DEL,BOM,2026-10-05,Ixigo,5330.816938888334
DEL,BOM,2026-10-05,IndiGo,5348.376525014155
DEL,BOM,2026-10-05,AirIndia,5148.792430252378
DEL,BOM,2026-10-05,Akasa,5477.203971300772
DEL,BLR,2026-08-22,MakeMyTrip,13031.21610735345
DEL,BLR,2026-08-22,Ixigo,13040.264816783956
DEL,BLR,2026-08-22,IndiGo,13366.81010463976
DEL,BLR,2026-08-22,AirIndia,13198.935476281637
DEL,BLR,2026-08-22,Akasa,14068.978226098166
DEL,BLR,2026-08-28,MakeMyTrip,11056.381567944267
DEL,BLR,2026-08-28,Ixigo,11190.066640500796
DEL,BLR,2026-08-28,IndiGo,10774.572362265619
DEL,BLR,2026-08-28,AirIndia,10489.146116494969
DEL,BLR,2026-08-28,Akasa,10487.81236517731
DEL,BLR,2026-09-05,MakeMyTrip,9334.918359646972
DEL,BLR,2026-09-05,Ixigo,8901.144972494503
DEL,BLR,2026-09-05,IndiGo,9018.235239347747
DEL,BLR,2026-09-05,AirIndia,9350.719691947123
DEL,BLR,2026-09-05,Akasa,9333.90936656457
DEL,BLR,2026-09-20,MakeMyTrip,7499.91025162894
DEL,BLR,2026-09-20,Ixigo,7652.458964307381
DEL,BLR,2026-09-20,IndiGo,7437.396285723516
DEL,BLR,2026-09-20,AirIndia,8025.023565718635
DEL,BLR,2026-09-20,Akasa,7583.450316291796
DEL,BLR,2026-10-05,MakeMyTrip,7009.130840672129
DEL,BLR,2026-10-05,Ixigo,7186.323252708208
DEL,BLR,2026-10-05,IndiGo,7030.781049566214
DEL,BLR,2026-10-05,AirIndia,6830.9585008784425
DEL,BLR,2026-10-05,Akasa,6838.329916232164
BOM,BLR,2026-08-22,MakeMyTrip,8708.83228150203
BOM,BLR,2026-08-22,Ixigo,8795.824509225584
BOM,BLR,2026-08-22,IndiGo,8187.837627567326
BOM,BLR,2026-08-22,AirIndia,8707.962569856716
BOM,BLR,2026-08-22,Akasa,8543.680532365874
BOM,BLR,2026-08-28,MakeMyTrip,6843.987521414154
BOM,BLR,2026-08-28,Ixigo,7085.32024274648
BOM,BLR,2026-08-28,IndiGo,6616.484538988872
BOM,BLR,2026-08-28,Akasa,7120.887224266219
BOM,BLR,2026-09-05,MakeMyTrip,5521.9542013787295
BOM,BLR,2026-09-05,Ixigo,5858.19797044513
BOM,BLR,2026-09-05,IndiGo,5873.406327566667
BOM,BLR,2026-09-05,AirIndia,5522.451181537315
BOM,BLR,2026-09-05,Akasa,5700.739427676098
BOM,BLR,2026-09-20,MakeMyTrip,4912.4960454352795
BOM,BLR,2026-09-20,Ixigo,4805.789305566584
BOM,BLR,2026-09-20,IndiGo,5086.942223600935
BOM,BLR,2026-09-20,AirIndia,4794.118431932706
BOM,BLR,2026-09-20,Akasa,4868.544709774186
BOM,BLR,2026-10-05,MakeMyTrip,4281.836075367863
BOM,BLR,2026-10-05,Ixigo,4292.209487073287
BOM,BLR,2026-10-05,IndiGo,4203.026985996768
BOM,BLR,2026-10-05,AirIndia,4284.153126948149
BOM,BLR,2026-10-05,Akasa,4311.098871258597
DEL,CCU,2026-08-22,MakeMyTrip,11849.576653067707
DEL,CCU,2026-08-22,Ixigo,11958.163934450713
DEL,CCU,2026-08-22,IndiGo,11966.425430055939
DEL,CCU,2026-08-22,AirIndia,11931.39836342625
DEL,CCU,2026-08-22,Akasa,11296.984629909792
DEL,CCU,2026-08-28,MakeMyTrip,9047.304381509679
DEL,CCU,2026-08-28,Ixigo,9622.010754115097
DEL,CCU,2026-08-28,IndiGo,8767.593255792088
DEL,CCU,2026-08-28,AirIndia,9206.537658047971
DEL,CCU,2026-08-28,Akasa,7993.8821792882645
DEL,CCU,2026-09-05,MakeMyTrip,7660.928750896911
DEL,CCU,2026-09-05,Ixigo,7445.225809610408
DEL,CCU,2026-09-05,IndiGo,7621.820270420791
DEL,CCU,2026-09-05,AirIndia,7786.652356385128
DEL,CCU,2026-09-05,Akasa,7586.931684035202
DEL,CCU,2026-09-20,MakeMyTrip,6766.00831116503
DEL,CCU,2026-09-20,Ixigo,6798.914460792036
DEL,CCU,2026-09-20,IndiGo,6748.602129721145
DEL,CCU,2026-09-20,AirIndia,6320.8331564635455
DEL,CCU,2026-09-20,Akasa,6719.914039388701
DEL,CCU,2026-10-05,MakeMyTrip,5794.555779440415
DEL,CCU,2026-10-05,Ixigo,5585.792243769868
DEL,CCU,2026-10-05,IndiGo,5611.406036148793
DEL,CCU,2026-10-05,AirIndia,5633.454647239545
DEL,CCU,2026-10-05,Akasa,5864.583386977956
BLR,HYD,2026-08-22,MakeMyTrip,5937.992937406261
BLR,HYD,2026-08-22,Ixigo,6195.672763607731
BLR,HYD,2026-08-22,IndiGo,6406.787496140645
BLR,HYD,2026-08-22,AirIndia,6397.037488299764
BLR,HYD,2026-08-22,Akasa,6116.83448120516
BLR,HYD,2026-08-28,MakeMyTrip,4936.067104847426
BLR,HYD,2026-08-28,Ixigo,5089.381965987903
BLR,HYD,2026-08-28,IndiGo,5156.835026586429
BLR,HYD,2026-08-28,AirIndia,4991.802811052422
BLR,HYD,2026-08-28,Akasa,4876.522286549117
BLR,HYD,2026-09-05,MakeMyTrip,4181.829825252141
BLR,HYD,2026-09-05,Ixigo,4070.9353347984606
BLR,HYD,2026-09-05,IndiGo,4329.937805335881
BLR,HYD,2026-09-05,AirIndia,4152.158868387425
BLR,HYD,2026-09-05,Akasa,4139.942498772523
BLR,HYD,2026-09-20,MakeMyTrip,3464.142880246459
BLR,HYD,2026-09-20,Ixigo,3748.7451922434675
BLR,HYD,2026-09-20,IndiGo,3695.56694899528
BLR,HYD,2026-09-20,AirIndia,3675.0235284286027
BLR,HYD,2026-09-20,Akasa,3459.670100241339
BLR,HYD,2026-10-05,MakeMyTrip,3143.100184277336
BLR,HYD,2026-10-05,IndiGo,3145.2868025098583
BLR,HYD,2026-10-05,AirIndia,3118.199731537333
BLR,HYD,2026-10-05,Akasa,3278.6856351574293
MAA,DEL,2026-08-22,MakeMyTrip,13284.88208173406
MAA,DEL,2026-08-22,Ixigo,12601.554126383997
MAA,DEL,2026-08-22,IndiGo,12451.890013680366
MAA,DEL,2026-08-22,AirIndia,12803.793780909418
MAA,DEL,2026-08-22,Akasa,12187.40311375129
MAA,DEL,2026-08-28,MakeMyTrip,9863.319235979126
MAA,DEL,2026-08-28,IndiGo,10242.420461722795
MAA,DEL,2026-08-28,AirIndia,9891.010121916235
MAA,DEL,2026-08-28,Akasa,9918.170907074393
MAA,DEL,2026-09-05,MakeMyTrip,8620.169770308064
MAA,DEL,2026-09-05,Ixigo,8771.268357580639
MAA,DEL,2026-09-05,IndiGo,8963.862276543257
MAA,DEL,2026-09-05,AirIndia,8906.02930251809
MAA,DEL,2026-09-05,Akasa,8217.444566657336
MAA,DEL,2026-09-20,Ixigo,7160.6834462884235
MAA,DEL,2026-09-20,IndiGo,6425.576595296629
MAA,DEL,2026-09-20,AirIndia,7160.511367639688
MAA,DEL,2026-09-20,Akasa,7275.453084330059
MAA,DEL,2026-10-05,MakeMyTrip,6694.938999378495
MAA,DEL,2026-10-05,Ixigo,6423.187881291974
MAA,DEL,2026-10-05,IndiGo,6393.3230400019875
MAA,DEL,2026-10-05,AirIndia,6621.462174202297
MAA,DEL,2026-10-05,Akasa,6561.708810647343
DEL,BOM,2026-08-23,MakeMyTrip,10599.129439042832
DEL,BOM,2026-08-23,Ixigo,10533.571027611028
DEL,BOM,2026-08-23,IndiGo,8950.418468506694
DEL,BOM,2026-08-23,AirIndia,10721.691709052287
DEL,BOM,2026-08-23,Akasa,10525.277147269226
DEL,BOM,2026-08-29,MakeMyTrip,8529.469931824839
DEL,BOM,2026-08-29,Ixigo,8690.117900123243
DEL,BOM,2026-08-29,IndiGo,8624.224983543836
DEL,BOM,2026-08-29,AirIndia,8171.539219006719
DEL,BOM,2026-08-29,Akasa,8353.334177640309
DEL,BOM,2026-09-06,MakeMyTrip,6684.058285935085
DEL,BOM,2026-09-06,Ixigo,7220.280148232129
DEL,BOM,2026-09-06,IndiGo,7263.181779209469
DEL,BOM,2026-09-06,AirIndia,7024.918063538224
DEL,BOM,2026-09-06,Akasa,7295.197561964662
DEL,BOM,2026-09-21,Ixigo,6117.8049315327635
DEL,BOM,2026-09-21,IndiGo,6087.234159573048
DEL,BOM,2026-09-21,AirIndia,5988.4501125045535
DEL,BOM,2026-09-21,Akasa,5835.790105884227
DEL,BOM,2026-10-06,MakeMyTrip,5395.588182998354
DEL,BOM,2026-10-06,Ixigo,5441.810185724664
DEL,BOM,2026-10-06,IndiGo,5354.353951716016
DEL,BOM,2026-10-06,AirIndia,5202.246626809657
DEL,BOM,2026-10-06,Akasa,5243.007320237571
DEL,BLR,2026-08-23,MakeMyTrip,14033.12800975902
DEL,BLR,2026-08-23,Ixigo,13206.35882074653
DEL,BLR,2026-08-23,IndiGo,13202.974363961086
DEL,BLR,2026-08-23,AirIndia,13304.699146799
DEL,BLR,2026-08-23,Akasa,13687.622771882623
DEL,BLR,2026-08-29,MakeMyTrip,10928.362853885601
DEL,BLR,2026-08-29,Ixigo,10861.73611507587
DEL,BLR,2026-08-29,IndiGo,11287.430643525136
DEL,BLR,2026-08-29,AirIndia,10774.925330808848
DEL,BLR,2026-08-29,Akasa,10995.419257208563
DEL,BLR,2026-09-06,MakeMyTrip,9154.568988624498
DEL,BLR,2026-09-06,Ixigo,8869.238089245713
DEL,BLR,2026-09-06,IndiGo,9182.798699151826
DEL,BLR,2026-09-06,AirIndia,9476.889461234205
DEL,BLR,2026-09-06,Akasa,9355.35710305021
DEL,BLR,2026-09-21,MakeMyTrip,7547.795652723638
DEL,BLR,2026-09-21,Ixigo,7743.378802695015
DEL,BLR,2026-09-21,AirIndia,7671.727185985929
DEL,BLR,2026-09-21,Akasa,7590.493871697623
DEL,BLR,2026-10-06,MakeMyTrip,6907.47493603678
DEL,BLR,2026-10-06,Ixigo,7067.445264771702
DEL,BLR,2026-10-06,IndiGo,7161.676630110744
DEL,BLR,2026-10-06,AirIndia,6926.641971463021
DEL,BLR,2026-10-06,Akasa,7137.110800654737
BOM,BLR,2026-08-23,MakeMyTrip,8713.309309142425
BOM,BLR,2026-08-23,Ixigo,8890.101878161848
BOM,BLR,2026-08-23,IndiGo,8187.836083051544
BOM,BLR,2026-08-23,AirIndia,8205.343698773322
BOM,BLR,2026-08-23,Akasa,8465.482017426104
BOM,BLR,2026-08-29,MakeMyTrip,6708.219107825838
BOM,BLR,2026-08-29,Ixigo,6746.154581444209
BOM,BLR,2026-08-29,IndiGo,7037.145320263953
BOM,BLR,2026-08-29,AirIndia,6606.036231097253
BOM,BLR,2026-08-29,Akasa,6728.088225998441
BOM,BLR,2026-09-06,MakeMyTrip,5571.68325131499
BOM,BLR,2026-09-06,Ixigo,5872.41678065323
BOM,BLR,2026-09-06,IndiGo,5819.913502179827
BOM,BLR,2026-09-06,AirIndia,5914.374930687534
BOM,BLR,2026-09-06,Akasa,5771.257056027703
BOM,BLR,2026-09-21,MakeMyTrip,4991.200394013207
BOM,BLR,2026-09-21,Ixigo,5148.385767370556
BOM,BLR,2026-09-21,IndiGo,5103.663757665608
BOM,BLR,2026-09-21,AirIndia,4966.736011273837
BOM,BLR,2026-09-21,Akasa,5093.043558699765
BOM,BLR,2026-10-06,MakeMyTrip,4573.352158962774
BOM,BLR,2026-10-06,Ixigo,4278.396256065608
BOM,BLR,2026-10-06,IndiGo,4220.530604289551
BOM,BLR,2026-10-06,AirIndia,4240.536874897305
BOM,BLR,2026-10-06,Akasa,4607.1877071421895
DEL,CCU,2026-08-23,MakeMyTrip,11076.587732593549
DEL,CCU,2026-08-23,IndiGo,11041.212341392627
DEL,CCU,2026-08-23,AirIndia,11900.219296608768
DEL,CCU,2026-08-23,Akasa,11454.304297523875
DEL,CCU,2026-08-29,MakeMyTrip,7510.322310122782
DEL,CCU,2026-08-29,Ixigo,9260.418973335058
DEL,CCU,2026-08-29,IndiGo,9418.226939322192
DEL,CCU,2026-08-29,AirIndia,9000.668321206389
DEL,CCU,2026-08-29,Akasa,9174.841977389653
DEL,CCU,2026-09-06,MakeMyTrip,8055.330851664381
DEL,CCU,2026-09-06,Ixigo,7824.583614154085
DEL,CCU,2026-09-06,IndiGo,7836.47119773722
DEL,CCU,2026-09-06,AirIndia,7838.105346570732
DEL,CCU,2026-09-06,Akasa,7967.207370057602
DEL,CCU,2026-09-21,MakeMyTrip,6314.741029377733
DEL,CCU,2026-09-21,Ixigo,6377.068227523587
DEL,CCU,2026-09-21,IndiGo,6340.028623997811
DEL,CCU,2026-09-21,AirIndia,6789.66197878277
DEL,CCU,2026-09-21,Akasa,6304.609112661365
DEL,CCU,2026-10-06,MakeMyTrip,6122.951616592963
DEL,CCU,2026-10-06,Ixigo,5886.0022648269405
DEL,CCU,2026-10-06,IndiGo,6042.176988324413
DEL,CCU,2026-10-06,AirIndia,5911.453081891458
DEL,CCU,2026-10-06,Akasa,4832.103093193223
BLR,HYD,2026-08-23,MakeMyTrip,6418.805772260947
BLR,HYD,2026-08-23,Ixigo,6088.345248019636
BLR,HYD,2026-08-23,IndiGo,6254.354434111258
BLR,HYD,2026-08-23,AirIndia,5936.379836506491
BLR,HYD,2026-08-23,Akasa,6389.837518127727
BLR,HYD,2026-08-29,MakeMyTrip,5105.976074324793
BLR,HYD,2026-08-29,Ixigo,4956.458572542851
BLR,HYD,2026-08-29,IndiGo,4961.545915589661
BLR,HYD,2026-08-29,AirIndia,5182.735332491571
BLR,HYD,2026-08-29,Akasa,5039.624133088825
BLR,HYD,2026-09-06,MakeMyTrip,4302.271857398317
BLR,HYD,2026-09-06,Ixigo,4031.876456451291
BLR,HYD,2026-09-06,IndiGo,4226.181651807006
BLR,HYD,2026-09-06,AirIndia,4364.23561893123
BLR,HYD,2026-09-06,Akasa,4265.8188105303125
BLR,HYD,2026-09-21,MakeMyTrip,3611.5802162580258
BLR,HYD,2026-09-21,Ixigo,3677.8517817198845
BLR,HYD,2026-09-21,IndiGo,3748.4053999791154
BLR,HYD,2026-09-21,AirIndia,3679.4117992192773
BLR,HYD,2026-09-21,Akasa,3665.6930167332457
BLR,HYD,2026-10-06,MakeMyTrip,3254.537186079132
BLR,HYD,2026-10-06,Ixigo,3348.351006289494
BLR,HYD,2026-10-06,IndiGo,3098.448245333755
BLR,HYD,2026-10-06,AirIndia,3354.867943553481
BLR,HYD,2026-10-06,Akasa,3185.5895897299583
MAA,DEL,2026-08-23,MakeMyTrip,13133.194411209806
MAA,DEL,2026-08-23,Ixigo,12471.707932565121
MAA,DEL,2026-08-23,IndiGo,13016.807367460946
MAA,DEL,2026-08-23,AirIndia,13254.154819581809
MAA,DEL,2026-08-23,Akasa,13209.82230118855
MAA,DEL,2026-08-29,MakeMyTrip,10225.26207431238
MAA,DEL,2026-08-29,Ixigo,10066.554869087602
MAA,DEL,2026-08-29,IndiGo,10624.656580941724
MAA,DEL,2026-08-29,AirIndia,9840.774076303163
MAA,DEL,2026-08-29,Akasa,10251.14988010589
MAA,DEL,2026-09-06,MakeMyTrip,8172.451984909227
MAA,DEL,2026-09-06,Ixigo,8556.504256656423
MAA,DEL,2026-09-06,IndiGo,8905.534243915892
MAA,DEL,2026-09-06,AirIndia,8986.00331978519
MAA,DEL,2026-09-06,Akasa,8282.556346666768
MAA,DEL,2026-09-21,MakeMyTrip,7608.638815519501
MAA,DEL,2026-09-21,Ixigo,7187.251212204055
MAA,DEL,2026-09-21,IndiGo,7219.849850511255
MAA,DEL,2026-09-21,AirIndia,7283.114537244344
MAA,DEL,2026-09-21,Akasa,7076.4165195693495
MAA,DEL,2026-10-06,MakeMyTrip,6650.931636918133
MAA,DEL,2026-10-06,Ixigo,6268.197579482002
MAA,DEL,2026-10-06,IndiGo,6296.647734257725
MAA,DEL,2026-10-06,AirIndia,6232.366936228486
MAA,DEL,2026-10-06,Akasa,6658.034672362334
DEL,BOM,2026-08-24,MakeMyTrip,10351.82639096249
DEL,BOM,2026-08-24,Ixigo,10016.192544214546
DEL,BOM,2026-08-24,IndiGo,10634.47774029319
DEL,BOM,2026-08-24,AirIndia,10533.418062572558
DEL,BOM,2026-08-24,Akasa,10650.572570008006
DEL,BOM,2026-08-30,MakeMyTrip,8442.258876710266
DEL,BOM,2026-08-30,Ixigo,8461.083685416012
DEL,BOM,2026-08-30,IndiGo,7981.048089303957
DEL,BOM,2026-08-30,AirIndia,7964.374713875378
DEL,BOM,2026-08-30,Akasa,8278.140355699756
DEL,BOM,2026-09-07,MakeMyTrip,6823.952820689541
DEL,BOM,2026-09-07,Ixigo,6961.721054290543
DEL,BOM,2026-09-07,IndiGo,6919.110590038832
DEL,BOM,2026-09-07,AirIndia,6840.859255229268
DEL,BOM,2026-09-07,Akasa,6675.48664312724
DEL,BOM,2026-09-22,MakeMyTrip,5881.604490116476
DEL,BOM,2026-09-22,Ixigo,5964.6502316511305
DEL,BOM,2026-09-22,IndiGo,5909.534525867874
DEL,BOM,2026-09-22,AirIndia,6108.423362933664
DEL,BOM,2026-09-22,Akasa,5924.528540366279
DEL,BOM,2026-10-07,MakeMyTrip,5377.743899773173
DEL,BOM,2026-10-07,Ixigo,5220.229210208473
DEL,BOM,2026-10-07,IndiGo,5147.0184892186635
DEL,BOM,2026-10-07,AirIndia,5376.561337567713
DEL,BOM,2026-10-07,Akasa,5177.190385910942
DEL,BLR,2026-08-24,MakeMyTrip,14059.492660311225
DEL,BLR,2026-08-24,Ixigo,13443.296626220414
DEL,BLR,2026-08-24,IndiGo,13020.929807932996
DEL,BLR,2026-08-24,AirIndia,13756.131706933096
DEL,BLR,2026-08-24,Akasa,13997.684586325524
DEL,BLR,2026-08-30,MakeMyTrip,11274.947300072174
DEL,BLR,2026-08-30,Ixigo,11296.540299854842
DEL,BLR,2026-08-30,IndiGo,10946.362972588184
DEL,BLR,2026-08-30,AirIndia,10362.652575376043
DEL,BLR,2026-08-30,Akasa,11095.594832033541
DEL,BLR,2026-09-07,MakeMyTrip,9410.128614516574
DEL,BLR,2026-09-07,Ixigo,9305.124954854218
DEL,BLR,2026-09-07,IndiGo,9179.05388805822
DEL,BLR,2026-09-07,AirIndia,9148.02539561737
DEL,BLR,2026-09-07,Akasa,9096.104826654264
DEL,BLR,2026-09-22,MakeMyTrip,7587.05296770691
DEL,BLR,2026-09-22,Ixigo,7594.281179629975
DEL,BLR,2026-09-22,IndiGo,7792.1984274401475
DEL,BLR,2026-09-22,AirIndia,8097.216089810715
DEL,BLR,2026-09-22,Akasa,8045.944386738397
DEL,BLR,2026-10-07,MakeMyTrip,6697.55901382729
DEL,BLR,2026-10-07,Ixigo,6976.068078738403
DEL,BLR,2026-10-07,IndiGo,7182.783581194
DEL,BLR,2026-10-07,AirIndia,6647.247580219177
DEL,BLR,2026-10-07,Akasa,7208.369578989555
BOM,BLR,2026-08-24,MakeMyTrip,8416.788671130027
BOM,BLR,2026-08-24,Ixigo,8334.8457039229
BOM,BLR,2026-08-24,IndiGo,8719.140937654985
BOM,BLR,2026-08-24,AirIndia,8840.556208871683
BOM,BLR,2026-08-24,Akasa,8796.759193520122
BOM,BLR,2026-08-30,MakeMyTrip,6942.453402930026
BOM,BLR,2026-08-30,Ixigo,6853.106135135583
BOM,BLR,2026-08-30,IndiGo,6656.94777611161
BOM,BLR,2026-08-30,AirIndia,6861.891574690571
BOM,BLR,2026-08-30,Akasa,6934.543194388613
BOM,BLR,2026-09-07,MakeMyTrip,5670.87052196467
BOM,BLR,2026-09-07,Ixigo,5732.448623571139
BOM,BLR,2026-09-07,IndiGo,5555.571621231526
BOM,BLR,2026-09-07,AirIndia,5571.046768086817
BOM,BLR,2026-09-07,Akasa,5959.644638539319
BOM,BLR,2026-09-22,MakeMyTrip,4743.279082822286
BOM,BLR,2026-09-22,Ixigo,4795.298468851551
BOM,BLR,2026-09-22,IndiGo,5171.651071114584
BOM,BLR,2026-09-22,AirIndia,4783.238999455983
BOM,BLR,2026-09-22,Akasa,5063.777750249363
BOM,BLR,2026-10-07,MakeMyTrip,4443.786541267502
BOM,BLR,2026-10-07,Ixigo,4348.623850764762
BOM,BLR,2026-10-07,IndiGo,4496.9857409128
BOM,BLR,2026-10-07,AirIndia,4551.705987634482
BOM,BLR,2026-10-07,Akasa,4422.6580573641695
DEL,CCU,2026-08-24,Ixigo,11335.42485703298
DEL,CCU,2026-08-24,IndiGo,11095.190497891035
DEL,CCU,2026-08-24,AirIndia,11304.795145684382
DEL,CCU,2026-08-24,Akasa,11936.696158247007
DEL,CCU,2026-08-30,MakeMyTrip,8919.668748219632
DEL,CCU,2026-08-30,Ixigo,8946.697046165109
DEL,CCU,2026-08-30,IndiGo,9054.049475649312
DEL,CCU,2026-08-30,AirIndia,8877.530614068377
DEL,CCU,2026-08-30,Akasa,9617.897217465144
DEL,CCU,2026-09-07,Ixigo,7661.308195229196
DEL,CCU,2026-09-07,IndiGo,7420.695134303509
DEL,CCU,2026-09-07,AirIndia,7478.267781191645
DEL,CCU,2026-09-07,Akasa,7941.851438460411
DEL,CCU,2026-09-22,MakeMyTrip,6614.484733847112
DEL,CCU,2026-09-22,Ixigo,6712.742408758797
DEL,CCU,2026-09-22,IndiGo,6552.421400682715
DEL,CCU,2026-09-22,AirIndia,6621.641611097909
DEL,CCU,2026-09-22,Akasa,6362.905354692903
DEL,CCU,2026-10-07,MakeMyTrip,6036.444321083607
DEL,CCU,2026-10-07,Ixigo,5651.6500500776
DEL,CCU,2026-10-07,IndiGo,5612.522360580975
DEL,CCU,2026-10-07,AirIndia,5636.2029409664565
DEL,CCU,2026-10-07,Akasa,5859.937602875269
BLR,HYD,2026-08-24,MakeMyTrip,6005.767650250787
BLR,HYD,2026-08-24,Ixigo,5944.451586121709
BLR,HYD,2026-08-24,AirIndia,5906.95133430514
BLR,HYD,2026-08-24,Akasa,5949.7724956904485
BLR,HYD,2026-08-30,MakeMyTrip,4756.843887954002
BLR,HYD,2026-08-30,Ixigo,5109.615916349887
BLR,HYD,2026-08-30,IndiGo,4998.121858576733
BLR,HYD,2026-08-30,AirIndia,5089.534755830702
BLR,HYD,2026-08-30,Akasa,4757.186717583769
BLR,HYD,2026-09-07,MakeMyTrip,4021.7053328548536
BLR,HYD,2026-09-07,Ixigo,4013.4079190923785
BLR,HYD,2026-09-07,IndiGo,4186.539602907793
BLR,HYD,2026-09-07,AirIndia,4205.115071498581
BLR,HYD,2026-09-07,Akasa,4115.296736400619
BLR,HYD,2026-09-22,MakeMyTrip,3699.4161675726627
BLR,HYD,2026-09-22,Ixigo,3582.980716092213
BLR,HYD,2026-09-22,IndiGo,3732.1315919437793
BLR,HYD,2026-09-22,AirIndia,3556.729159419433
BLR,HYD,2026-09-22,Akasa,3470.9341076728983
BLR,HYD,2026-10-07,MakeMyTrip,3160.913820900289
BLR,HYD,2026-10-07,Ixigo,3309.9278671693414
BLR,HYD,2026-10-07,IndiGo,3129.534533590826
BLR,HYD,2026-10-07,AirIndia,3085.087985569323
BLR,HYD,2026-10-07,Akasa,3140.9447590329255
MAA,DEL,2026-08-24,MakeMyTrip,12228.796181789405
MAA,DEL,2026-08-24,Ixigo,13350.676647312952
MAA,DEL,2026-08-24,IndiGo,12238.965896746204
MAA,DEL,2026-08-24,AirIndia,12474.418638604564
MAA,DEL,2026-08-24,Akasa,13058.647347180146
MAA,DEL,2026-08-30,MakeMyTrip,10430.100127851823
MAA,DEL,2026-08-30,Ixigo,9858.930520467959
MAA,DEL,2026-08-30,IndiGo,10342.97269924851
MAA,DEL,2026-08-30,AirIndia,10606.663685235573
MAA,DEL,2026-08-30,Akasa,10219.447094519637
MAA,DEL,2026-09-07,MakeMyTrip,8374.104633707793
MAA,DEL,2026-09-07,Ixigo,8298.846329828528
MAA,DEL,2026-09-07,IndiGo,9005.250722083565
MAA,DEL,2026-09-07,AirIndia,8465.241183572309
MAA,DEL,2026-09-07,Akasa,8480.923050504438
MAA,DEL,2026-09-22,MakeMyTrip,7627.812557697384
MAA,DEL,2026-09-22,Ixigo,7146.94536702028
MAA,DEL,2026-09-22,IndiGo,7399.474051718165
MAA,DEL,2026-09-22,AirIndia,7010.216282919262
MAA,DEL,2026-09-22,Akasa,7611.4891391708625
MAA,DEL,2026-10-07,MakeMyTrip,6270.044886876252
MAA,DEL,2026-10-07,Ixigo,6253.895868255328
MAA,DEL,2026-10-07,IndiGo,6255.745278665865
MAA,DEL,2026-10-07,AirIndia,6825.120119094012
MAA,DEL,2026-10-07,Akasa,6786.550791051275
DEL,BOM,2026-08-25,MakeMyTrip,9921.118000032591
DEL,BOM,2026-08-25,Ixigo,10745.511889262358
DEL,BOM,2026-08-25,IndiGo,10251.053359837539
DEL,BOM,2026-08-25,AirIndia,9965.39105837474
DEL,BOM,2026-08-25,Akasa,10766.093956858223
DEL,BOM,2026-08-31,MakeMyTrip,8753.577414518852
DEL,BOM,2026-08-31,IndiGo,8023.8314822409475
DEL,BOM,2026-08-31,AirIndia,8040.39135826082
DEL,BOM,2026-08-31,Akasa,8691.204797333054
DEL,BOM,2026-09-08,MakeMyTrip,7179.4792660890635
DEL,BOM,2026-09-08,Ixigo,6978.668527773479
DEL,BOM,2026-09-08,IndiGo,6917.691263272383
DEL,BOM,2026-09-08,AirIndia,7185.871187314398
DEL,BOM,2026-09-08,Akasa,7053.950990565648
DEL,BOM,2026-09-23,MakeMyTrip,5851.33949219796
DEL,BOM,2026-09-23,Ixigo,5946.675651560304
DEL,BOM,2026-09-23,IndiGo,5975.151058952261
DEL,BOM,2026-09-23,AirIndia,6225.421233288949
DEL,BOM,2026-09-23,Akasa,5883.560031534222
DEL,BOM,2026-10-08,MakeMyTrip,5125.518968693219
DEL,BOM,2026-10-08,Ixigo,5449.74011039773
DEL,BOM,2026-10-08,IndiGo,5428.277090360208
DEL,BOM,2026-10-08,AirIndia,5541.895943506723
DEL,BOM,2026-10-08,Akasa,5190.744795009998
DEL,BLR,2026-08-25,MakeMyTrip,13549.662188885532
DEL,BLR,2026-08-25,Ixigo,13310.937483336113
DEL,BLR,2026-08-25,IndiGo,12855.757156687343
DEL,BLR,2026-08-25,AirIndia,12945.37396355091
DEL,BLR,2026-08-25,Akasa,13270.061925833837
DEL,BLR,2026-08-31,MakeMyTrip,11205.747725282892
DEL,BLR,2026-08-31,Ixigo,11281.020683444647
DEL,BLR,2026-08-31,IndiGo,10668.312987091667
DEL,BLR,2026-08-31,AirIndia,10611.694016435289
DEL,BLR,2026-08-31,Akasa,11239.580794089647
DEL,BLR,2026-09-08,MakeMyTrip,8747.533813940709
DEL,BLR,2026-09-08,Ixigo,9274.765017442021
DEL,BLR,2026-09-08,IndiGo,8852.004126006645
DEL,BLR,2026-09-08,Akasa,9425.551426458507
DEL,BLR,2026-09-23,MakeMyTrip,7717.276228368567
DEL,BLR,2026-09-23,Ixigo,7798.912282723925
DEL,BLR,2026-09-23,IndiGo,7750.771130520948
DEL,BLR,2026-09-23,AirIndia,7529.19192022268
DEL,BLR,2026-09-23,Akasa,7900.987771972559
DEL,BLR,2026-10-08,MakeMyTrip,7034.801262058773
DEL,BLR,2026-10-08,Ixigo,7103.354830112279
DEL,BLR,2026-10-08,IndiGo,6978.140028699278
DEL,BLR,2026-10-08,AirIndia,7067.566701078811
DEL,BLR,2026-10-08,Akasa,6864.4924344612755
BOM,BLR,2026-08-25,MakeMyTrip,8378.374622220896
BOM,BLR,2026-08-25,Ixigo,8514.301756458179
BOM,BLR,2026-08-25,IndiGo,8526.633455949219
BOM,BLR,2026-08-25,AirIndia,8888.405685002459
BOM,BLR,2026-08-25,Akasa,8145.428559661012
BOM,BLR,2026-08-31,MakeMyTrip,6758.540796727788
BOM,BLR,2026-08-31,Ixigo,7124.838672350683
BOM,BLR,2026-08-31,IndiGo,6730.78195418314
BOM,BLR,2026-08-31,AirIndia,6581.57440461744
BOM,BLR,2026-08-31,Akasa,7110.462713175327
BOM,BLR,2026-09-08,MakeMyTrip,5710.440336399985
BOM,BLR,2026-09-08,Ixigo,5831.823235554521
BOM,BLR,2026-09-08,IndiGo,5742.472383430321
BOM,BLR,2026-09-08,AirIndia,5596.995704399275
BOM,BLR,2026-09-08,Akasa,5747.864222503775
BOM,BLR,2026-09-23,MakeMyTrip,4850.187716836462
BOM,BLR,2026-09-23,Ixigo,4797.53762196804
BOM,BLR,2026-09-23,IndiGo,5098.577198989573
BOM,BLR,2026-09-23,AirIndia,5185.797633853666
BOM,BLR,2026-09-23,Akasa,4946.724165368762
BOM,BLR,2026-10-08,MakeMyTrip,4231.05398306804
BOM,BLR,2026-10-08,Ixigo,4377.351769484552
BOM,BLR,2026-10-08,IndiGo,4481.347748095657
BOM,BLR,2026-10-08,AirIndia,4488.79889132641
BOM,BLR,2026-10-08,Akasa,4566.338046873866
DEL,CCU,2026-08-25,MakeMyTrip,11217.771995773433
DEL,CCU,2026-08-25,Ixigo,11628.240231729365
DEL,CCU,2026-08-25,IndiGo,11042.088965605919
DEL,CCU,2026-08-25,AirIndia,11046.180046537684
DEL,CCU,2026-08-25,Akasa,11012.963882335258
DEL,CCU,2026-08-31,MakeMyTrip,8891.212547967629
DEL,CCU,2026-08-31,Ixigo,9236.488529107522
DEL,CCU,2026-08-31,IndiGo,9176.882055419575
DEL,CCU,2026-08-31,AirIndia,9524.660375839409
DEL,CCU,2026-08-31,Akasa,9391.431927993806
DEL,CCU,2026-09-08,MakeMyTrip,8112.024559050529
DEL,CCU,2026-09-08,IndiGo,7783.939490413444
DEL,CCU,2026-09-08,Akasa,7628.52216777072
DEL,CCU,2026-09-23,MakeMyTrip,6917.35910675614
DEL,CCU,2026-09-23,Ixigo,6925.8408954379875
DEL,CCU,2026-09-23,IndiGo,6508.187878744147
DEL,CCU,2026-09-23,AirIndia,6646.581226564925
DEL,CCU,2026-09-23,Akasa,6431.262265861416
DEL,CCU,2026-10-08,MakeMyTrip,6151.163504765355
DEL,CCU,2026-10-08,Ixigo,5705.850936422703
DEL,CCU,2026-10-08,IndiGo,5855.637730330224
DEL,CCU,2026-10-08,AirIndia,5765.146741830462
DEL,CCU,2026-10-08,Akasa,5827.435343842503
BLR,HYD,2026-08-25,MakeMyTrip,6401.38477712267
BLR,HYD,2026-08-25,Ixigo,6396.429337065092
BLR,HYD,2026-08-25,IndiGo,6114.980355959293
BLR,HYD,2026-08-25,Akasa,5917.133449002522
BLR,HYD,2026-08-31,MakeMyTrip,5125.536365325886
BLR,HYD,2026-08-31,Ixigo,4764.724333135862
BLR,HYD,2026-08-31,IndiGo,5132.91812642161
BLR,HYD,2026-08-31,AirIndia,4940.615862881907
BLR,HYD,2026-08-31,Akasa,4807.9211052937335
BLR,HYD,2026-09-08,MakeMyTrip,4352.731520895924
BLR,HYD,2026-09-08,Ixigo,4283.184842210296
BLR,HYD,2026-09-08,IndiGo,4093.4525546817495
BLR,HYD,2026-09-08,AirIndia,4403.722463420552
BLR,HYD,2026-09-08,Akasa,4083.287966703694
BLR,HYD,2026-09-23,MakeMyTrip,3650.554307024366
BLR,HYD,2026-09-23,Ixigo,3743.5550546113677
BLR,HYD,2026-09-23,IndiGo,3502.4670301635024
BLR,HYD,2026-09-23,Akasa,3558.9746281604184
BLR,HYD,2026-10-08,MakeMyTrip,3110.6577162283106
BLR,HYD,2026-10-08,Ixigo,3101.0653251037265
BLR,HYD,2026-10-08,IndiGo,3336.2507829496776
BLR,HYD,2026-10-08,AirIndia,3196.9566499856546
MAA,DEL,2026-08-25,MakeMyTrip,12358.047959867718
MAA,DEL,2026-08-25,Ixigo,13271.659724505093
MAA,DEL,2026-08-25,IndiGo,12211.283758400663
MAA,DEL,2026-08-25,AirIndia,12205.688047938233
MAA,DEL,2026-08-25,Akasa,13003.621000118192
MAA,DEL,2026-08-31,MakeMyTrip,10473.613646007845
MAA,DEL,2026-08-31,Ixigo,9896.27186337178
MAA,DEL,2026-08-31,IndiGo,10359.360450294074
MAA,DEL,2026-08-31,AirIndia,10222.34726635326
MAA,DEL,2026-08-31,Akasa,10353.130212535412
MAA,DEL,2026-09-08,MakeMyTrip,8839.509227551933
MAA,DEL,2026-09-08,Ixigo,8834.154087804312
MAA,DEL,2026-09-08,IndiGo,8891.7955816479
MAA,DEL,2026-09-08,AirIndia,8908.688467725391
MAA,DEL,2026-09-08,Akasa,7035.016845766937
MAA,DEL,2026-09-23,MakeMyTrip,7160.076497403993
MAA,DEL,2026-09-23,Ixigo,7619.219060784756
MAA,DEL,2026-09-23,IndiGo,7333.446622352842
MAA,DEL,2026-09-23,AirIndia,7658.552595347002
MAA,DEL,2026-09-23,Akasa,7701.611988831605
MAA,DEL,2026-10-08,MakeMyTrip,6709.23127386607
MAA,DEL,2026-10-08,Ixigo,6325.286228921362
MAA,DEL,2026-10-08,IndiGo,6286.549129469267
MAA,DEL,2026-10-08,Akasa,6442.348290856867
DEL,BOM,2026-08-26,MakeMyTrip,10257.829334993221
DEL,BOM,2026-08-26,Ixigo,10335.052815957908
DEL,BOM,2026-08-26,IndiGo,8751.986681297883
DEL,BOM,2026-08-26,AirIndia,10078.182141624708
DEL,BOM,2026-08-26,Akasa,10423.743823753042
DEL,BOM,2026-09-01,MakeMyTrip,8180.991933548523
DEL,BOM,2026-09-01,Ixigo,8703.307047382948
DEL,BOM,2026-09-01,IndiGo,8409.919106400628
DEL,BOM,2026-09-01,AirIndia,8558.41436173999
DEL,BOM,2026-09-01,Akasa,8573.047152892808
DEL,BOM,2026-09-09,MakeMyTrip,6838.3648948408945
DEL,BOM,2026-09-09,Ixigo,6893.798637037044
DEL,BOM,2026-09-09,IndiGo,6763.27663597687
DEL,BOM,2026-09-09,AirIndia,7020.962969509269
DEL,BOM,2026-09-09,Akasa,6814.468216272215
DEL,BOM,2026-09-24,MakeMyTrip,5930.017002498533
DEL,BOM,2026-09-24,Ixigo,6011.583032987321
DEL,BOM,2026-09-24,IndiGo,6244.439902016709
DEL,BOM,2026-09-24,AirIndia,5941.462573385434
DEL,BOM,2026-09-24,Akasa,6239.836674860808
DEL,BOM,2026-10-09,MakeMyTrip,5108.628401760812
DEL,BOM,2026-10-09,Ixigo,5215.183296740445
DEL,BOM,2026-10-09,IndiGo,5147.289498743898
DEL,BOM,2026-10-09,AirIndia,5328.524577952669
DEL,BOM,2026-10-09,Akasa,5435.026583538943
DEL,BLR,2026-08-26,MakeMyTrip,13961.827924898029
DEL,BLR,2026-08-26,Ixigo,13891.422850858527
DEL,BLR,2026-08-26,IndiGo,13016.021807024783
DEL,BLR,2026-08-26,AirIndia,12894.27700699338
DEL,BLR,2026-08-26,Akasa,14181.863807204234
DEL,BLR,2026-09-01,MakeMyTrip,10964.721997467323
DEL,BLR,2026-09-01,Ixigo,10571.814080325417
DEL,BLR,2026-09-01,IndiGo,10467.706666744458
DEL,BLR,2026-09-01,AirIndia,10930.150930130954
DEL,BLR,2026-09-01,Akasa,10634.25344182592
DEL,BLR,2026-09-09,MakeMyTrip,9197.466124236624
DEL,BLR,2026-09-09,Ixigo,8845.96873607208
DEL,BLR,2026-09-09,IndiGo,9413.548826366752
DEL,BLR,2026-09-09,AirIndia,9531.705046156296
DEL,BLR,2026-09-09,Akasa,9532.86636010206
DEL,BLR,2026-09-24,MakeMyTrip,7770.77230729993
DEL,BLR,2026-09-24,Ixigo,7839.603301385529
DEL,BLR,2026-09-24,IndiGo,7469.656417097122
DEL,BLR,2026-09-24,AirIndia,7584.1272584809685
DEL,BLR,2026-09-24,Akasa,6645.169712617062
DEL,BLR,2026-10-09,MakeMyTrip,7164.627944987582
DEL,BLR,2026-10-09,Ixigo,7217.410202973755
DEL,BLR,2026-10-09,IndiGo,6762.453288326225
DEL,BLR,2026-10-09,AirIndia,6970.504865889597
DEL,BLR,2026-10-09,Akasa,6896.395410834191
BOM,BLR,2026-08-26,MakeMyTrip,8473.617676972764
BOM,BLR,2026-08-26,Ixigo,8915.07263938136
BOM,BLR,2026-08-26,IndiGo,8514.605010678666
BOM,BLR,2026-08-26,AirIndia,8719.233905066701
BOM,BLR,2026-08-26,Akasa,8612.550029196344
BOM,BLR,2026-09-01,MakeMyTrip,6958.229197222489
BOM,BLR,2026-09-01,Ixigo,6832.098188367112
BOM,BLR,2026-09-01,IndiGo,6675.107656545983
BOM,BLR,2026-09-01,AirIndia,7201.771423823181
BOM,BLR,2026-09-01,Akasa,6866.295405996621
BOM,BLR,2026-09-09,MakeMyTrip,5551.443714814439
BOM,BLR,2026-09-09,Ixigo,5952.802449385401
BOM,BLR,2026-09-09,IndiGo,5669.931947066285
BOM,BLR,2026-09-09,AirIndia,5835.629224881321
BOM,BLR,2026-09-09,Akasa,5952.515130174998
BOM,BLR,2026-09-24,MakeMyTrip,4753.551266081161
BOM,BLR,2026-09-24,Ixigo,5143.927721941712
BOM,BLR,2026-09-24,IndiGo,5212.785927478
BOM,BLR,2026-09-24,AirIndia,5135.8423711374
BOM,BLR,2026-09-24,Akasa,5155.694640909265
BOM,BLR,2026-10-09,MakeMyTrip,4438.308169584815
BOM,BLR,2026-10-09,Ixigo,4440.5582816129445
BOM,BLR,2026-10-09,IndiGo,4319.5524789765805
BOM,BLR,2026-10-09,AirIndia,4486.847077890102
BOM,BLR,2026-10-09,Akasa,4427.615704813063
DEL,CCU,2026-08-26,MakeMyTrip,10946.961723205251
DEL,CCU,2026-08-26,Ixigo,11055.479547979048
DEL,CCU,2026-08-26,IndiGo,11880.182051341344
DEL,CCU,2026-08-26,AirIndia,11283.054833682088
DEL,CCU,2026-08-26,Akasa,11210.212065197704
DEL,CCU,2026-09-01,MakeMyTrip,9366.927536798514
DEL,CCU,2026-09-01,Ixigo,8927.993260196254
DEL,CCU,2026-09-01,IndiGo,8944.570767662313
DEL,CCU,2026-09-01,AirIndia,9276.15294921619
DEL,CCU,2026-09-01,Akasa,9248.315366783116
DEL,CCU,2026-09-09,MakeMyTrip,7766.267137593175
DEL,CCU,2026-09-09,Ixigo,7919.200691803367
DEL,CCU,2026-09-09,IndiGo,6584.205731147648
DEL,CCU,2026-09-09,AirIndia,7879.94252847144
DEL,CCU,2026-09-09,Akasa,7429.800249301303
DEL,CCU,2026-09-24,MakeMyTrip,6893.665177766434
DEL,CCU,2026-09-24,Ixigo,6560.45385113804
DEL,CCU,2026-09-24,IndiGo,6554.793018179314
DEL,CCU,2026-09-24,AirIndia,6373.116886949387
DEL,CCU,2026-09-24,Akasa,6790.01062008985
DEL,CCU,2026-10-09,MakeMyTrip,6064.297689299625
DEL,CCU,2026-10-09,Ixigo,6140.9443575743535
DEL,CCU,2026-10-09,IndiGo,5834.450748542234
DEL,CCU,2026-10-09,AirIndia,5946.252515494486
DEL,CCU,2026-10-09,Akasa,5768.7218559303765
BLR,HYD,2026-08-26,MakeMyTrip,6089.923655771651
BLR,HYD,2026-08-26,Ixigo,5911.685279108903
BLR,HYD,2026-08-26,IndiGo,5942.028765063994
BLR,HYD,2026-08-26,AirIndia,6075.557258970906
BLR,HYD,2026-08-26,Akasa,6024.383133145155
BLR,HYD,2026-09-01,MakeMyTrip,5187.980715652658
BLR,HYD,2026-09-01,Ixigo,4797.342809095699
BLR,HYD,2026-09-01,IndiGo,5120.939640748409
BLR,HYD,2026-09-01,Akasa,5038.087019807923
BLR,HYD,2026-09-09,MakeMyTrip,4194.997022032931
BLR,HYD,2026-09-09,Ixigo,4087.0444171736185
BLR,HYD,2026-09-09,IndiGo,4251.670111084399
BLR,HYD,2026-09-09,AirIndia,4103.290705953389
BLR,HYD,2026-09-09,Akasa,4327.033134633561
BLR,HYD,2026-09-24,MakeMyTrip,3526.7219070519104
BLR,HYD,2026-09-24,Ixigo,3640.94465529074
BLR,HYD,2026-09-24,IndiGo,3740.698780231056
BLR,HYD,2026-09-24,AirIndia,3764.7460211081825
BLR,HYD,2026-09-24,Akasa,3607.4148694092755
BLR,HYD,2026-10-09,MakeMyTrip,3115.6064783044876
BLR,HYD,2026-10-09,Ixigo,3127.301355226068
BLR,HYD,2026-10-09,IndiGo,3189.9129123823122
BLR,HYD,2026-10-09,AirIndia,3166.531810011237
BLR,HYD,2026-10-09,Akasa,3348.814896180219
MAA,DEL,2026-08-26,MakeMyTrip,12887.512866872185
MAA,DEL,2026-08-26,Ixigo,12558.791675457227
MAA,DEL,2026-08-26,IndiGo,13282.868623362538
MAA,DEL,2026-08-26,AirIndia,12206.152255658695
MAA,DEL,2026-08-26,Akasa,12586.65428907191
MAA,DEL,2026-09-01,MakeMyTrip,10341.756764969206
MAA,DEL,2026-09-01,Ixigo,9857.255115280068
MAA,DEL,2026-09-01,IndiGo,10497.677478537082
MAA,DEL,2026-09-01,AirIndia,10775.495213448845
MAA,DEL,2026-09-01,Akasa,10407.067398428318
MAA,DEL,2026-09-09,MakeMyTrip,9000.881773410438
MAA,DEL,2026-09-09,Ixigo,8242.117397337592
MAA,DEL,2026-09-09,IndiGo,8571.871915179398
MAA,DEL,2026-09-24,MakeMyTrip,7522.113800868674
MAA,DEL,2026-09-24,Ixigo,7109.130157903985
MAA,DEL,2026-09-24,IndiGo,7162.689319168703
MAA,DEL,2026-09-24,AirIndia,7189.866247953597
MAA,DEL,2026-09-24,Akasa,7554.777475254425
MAA,DEL,2026-10-09,MakeMyTrip,6262.946944370673
MAA,DEL,2026-10-09,Ixigo,6741.969017032127
MAA,DEL,2026-10-09,IndiGo,5424.712575280373
MAA,DEL,2026-10-09,AirIndia,6612.976212622263
MAA,DEL,2026-10-09,Akasa,6282.326727983264
DEL,BOM,2026-08-27,MakeMyTrip,10419.26617175213
DEL,BOM,2026-08-27,Ixigo,10141.207662925566
DEL,BOM,2026-08-27,IndiGo,10476.44533047471
DEL,BOM,2026-08-27,AirIndia,10822.267128738637
DEL,BOM,2026-08-27,Akasa,10023.85663612298
DEL,BOM,2026-09-02,MakeMyTrip,8764.454773748683
DEL,BOM,2026-09-02,Ixigo,8733.26008383034
DEL,BOM,2026-09-02,IndiGo,8241.530115761863
DEL,BOM,2026-09-02,AirIndia,8581.686917508456
DEL,BOM,2026-09-02,Akasa,8560.167450301138
DEL,BOM,2026-09-10,MakeMyTrip,6726.489662395288
DEL,BOM,2026-09-10,Ixigo,7109.158576334894
DEL,BOM,2026-09-10,IndiGo,6900.496261744524
DEL,BOM,2026-09-10,AirIndia,7294.457136059937
DEL,BOM,2026-09-10,Akasa,6850.979602256644
DEL,BOM,2026-09-25,MakeMyTrip,5780.284198091741
DEL,BOM,2026-09-25,Ixigo,5949.843028574439
DEL,BOM,2026-09-25,IndiGo,6182.492799863684
DEL,BOM,2026-09-25,AirIndia,6166.697202758967
DEL,BOM,2026-09-25,Akasa,6168.67070080022
DEL,BOM,2026-10-10,MakeMyTrip,5164.374389838491
DEL,BOM,2026-10-10,Ixigo,5254.5869810133945
DEL,BOM,2026-10-10,IndiGo,5323.643764357588
DEL,BOM,2026-10-10,AirIndia,5191.375488744867
DEL,BLR,2026-08-27,MakeMyTrip,13610.49213162243
DEL,BLR,2026-08-27,Ixigo,13706.903551054409
DEL,BLR,2026-08-27,IndiGo,13928.081023392497
DEL,BLR,2026-08-27,AirIndia,13055.824736221071
DEL,BLR,2026-08-27,Akasa,13241.657205144786
DEL,BLR,2026-09-02,MakeMyTrip,10839.293760888559
DEL,BLR,2026-09-02,Ixigo,11049.057118450217
DEL,BLR,2026-09-02,IndiGo,10987.376476892592
DEL,BLR,2026-09-02,AirIndia,10705.820185443401
DEL,BLR,2026-09-02,Akasa,11185.023445342067
DEL,BLR,2026-09-10,MakeMyTrip,8894.991718243813
DEL,BLR,2026-09-10,Ixigo,8737.855806891572
DEL,BLR,2026-09-10,IndiGo,9298.809455820925
DEL,BLR,2026-09-10,AirIndia,8731.11928531377
DEL,BLR,2026-09-10,Akasa,9570.537825176481
DEL,BLR,2026-09-25,MakeMyTrip,8069.523111491125
DEL,BLR,2026-09-25,Ixigo,7468.537408827044
DEL,BLR,2026-09-25,IndiGo,7815.6747143009125
DEL,BLR,2026-09-25,AirIndia,7588.185746144756
DEL,BLR,2026-09-25,Akasa,7488.5603865013645
DEL,BLR,2026-10-10,MakeMyTrip,6611.900816174347
DEL,BLR,2026-10-10,Ixigo,7241.72229281357
DEL,BLR,2026-10-10,IndiGo,7220.105888455209
DEL,BLR,2026-10-10,AirIndia,6839.605258436642
DEL,BLR,2026-10-10,Akasa,6612.457927783957
BOM,BLR,2026-08-27,MakeMyTrip,8762.33355607543
BOM,BLR,2026-08-27,Ixigo,8454.419533044758
BOM,BLR,2026-08-27,IndiGo,8713.701668403779
BOM,BLR,2026-08-27,AirIndia,8960.652365673495
BOM,BLR,2026-08-27,Akasa,8586.495852877113
BOM,BLR,2026-09-02,MakeMyTrip,6872.592677133673
BOM,BLR,2026-09-02,Ixigo,6629.619040486211
BOM,BLR,2026-09-02,IndiGo,6887.792948055862
BOM,BLR,2026-09-02,AirIndia,7199.2908391539095
BOM,BLR,2026-09-02,Akasa,6897.603221989043
BOM,BLR,2026-09-10,MakeMyTrip,5679.395506292514
BOM,BLR,2026-09-10,Ixigo,5590.288045130818
BOM,BLR,2026-09-10,IndiGo,5907.074919083189
BOM,BLR,2026-09-10,AirIndia,5777.585850961241
BOM,BLR,2026-09-10,Akasa,5681.547835921539
BOM,BLR,2026-09-25,MakeMyTrip,5071.915368870434
BOM,BLR,2026-09-25,Ixigo,4906.657788075006
BOM,BLR,2026-09-25,IndiGo,5220.878427128783
BOM,BLR,2026-09-25,AirIndia,4852.3289118309
BOM,BLR,2026-09-25,Akasa,4837.620947920015
BOM,BLR,2026-10-10,MakeMyTrip,4619.94924104934
BOM,BLR,2026-10-10,Ixigo,4248.823460464831
BOM,BLR,2026-10-10,IndiGo,4644.720650339584
BOM,BLR,2026-10-10,AirIndia,4609.236569429282
BOM,BLR,2026-10-10,Akasa,4465.383732628507
DEL,CCU,2026-08-27,MakeMyTrip,11975.145246506627
DEL,CCU,2026-08-27,Ixigo,11659.841971409674
DEL,CCU,2026-08-27,IndiGo,11796.967739390355
DEL,CCU,2026-08-27,AirIndia,11675.789679971986
DEL,CCU,2026-08-27,Akasa,11818.203394703572
DEL,CCU,2026-09-02,MakeMyTrip,9484.062742882597
DEL,CCU,2026-09-02,IndiGo,8992.700245973254
DEL,CCU,2026-09-02,AirIndia,8920.993822092376
DEL,CCU,2026-09-02,Akasa,9340.713848143754
DEL,CCU,2026-09-10,MakeMyTrip,8043.484626311466
DEL,CCU,2026-09-10,Ixigo,7650.1091675411235
DEL,CCU,2026-09-10,IndiGo,8020.968291186236
DEL,CCU,2026-09-10,AirIndia,7733.921042260619
DEL,CCU,2026-09-10,Akasa,7486.083852411181
DEL,CCU,2026-09-25,MakeMyTrip,6519.1310768672265
DEL,CCU,2026-09-25,Ixigo,6942.499469639979
DEL,CCU,2026-09-25,IndiGo,6412.404547745427
DEL,CCU,2026-09-25,AirIndia,6405.9502432445315
DEL,CCU,2026-09-25,Akasa,6452.321734451471
DEL,CCU,2026-10-10,MakeMyTrip,5935.727666464309
DEL,CCU,2026-10-10,Ixigo,6095.448539646062
DEL,CCU,2026-10-10,IndiGo,5873.175303893589
DEL,CCU,2026-10-10,AirIndia,5888.529009870479
DEL,CCU,2026-10-10,Akasa,6149.788156597857
BLR,HYD,2026-08-27,MakeMyTrip,6050.987028629062
BLR,HYD,2026-08-27,Ixigo,6289.942921579323
BLR,HYD,2026-08-27,IndiGo,6363.342056216885
BLR,HYD,2026-08-27,AirIndia,6194.718837073538
BLR,HYD,2026-08-27,Akasa,6198.125901858252
BLR,HYD,2026-09-02,MakeMyTrip,4925.178140168943
BLR,HYD,2026-09-02,Ixigo,5216.1991719855405
BLR,HYD,2026-09-02,IndiGo,5173.34560251213
BLR,HYD,2026-09-02,AirIndia,5224.122938537564
BLR,HYD,2026-09-02,Akasa,5053.136865626002
BLR,HYD,2026-09-10,MakeMyTrip,4107.531652353188
BLR,HYD,2026-09-10,Ixigo,4104.16482555634
BLR,HYD,2026-09-10,IndiGo,4279.965787993575
BLR,HYD,2026-09-10,AirIndia,4314.724363608647
BLR,HYD,2026-09-10,Akasa,4223.384378115786
BLR,HYD,2026-09-25,MakeMyTrip,3484.0404271240955
BLR,HYD,2026-09-25,Ixigo,3681.7203973751934
BLR,HYD,2026-09-25,IndiGo,3648.151878933306
BLR,HYD,2026-09-25,AirIndia,3548.4904249720826
BLR,HYD,2026-09-25,Akasa,3737.037398990236
BLR,HYD,2026-10-10,MakeMyTrip,3239.671907831912
BLR,HYD,2026-10-10,Ixigo,3323.0167244091144
BLR,HYD,2026-10-10,IndiGo,3170.8811250717395
BLR,HYD,2026-10-10,AirIndia,3379.6776996105223
BLR,HYD,2026-10-10,Akasa,3215.2644482419855
MAA,DEL,2026-08-27,MakeMyTrip,13198.873071116079
MAA,DEL,2026-08-27,Ixigo,12485.552646489603
MAA,DEL,2026-08-27,IndiGo,13305.38309618142
MAA,DEL,2026-08-27,AirIndia,13157.662339107586
MAA,DEL,2026-08-27,Akasa,12681.473556214536
MAA,DEL,2026-09-02,MakeMyTrip,10726.89606696989
MAA,DEL,2026-09-02,Ixigo,10153.57010375935
MAA,DEL,2026-09-02,IndiGo,10223.637712151904
MAA,DEL,2026-09-02,AirIndia,10019.742912931582
MAA,DEL,2026-09-02,Akasa,10143.398551876739
MAA,DEL,2026-09-10,MakeMyTrip,8245.334630507785
MAA,DEL,2026-09-10,Ixigo,8988.963088215763
MAA,DEL,2026-09-10,IndiGo,8774.249786184653
MAA,DEL,2026-09-10,AirIndia,8393.309231057285
MAA,DEL,2026-09-10,Akasa,8945.1472675031
MAA,DEL,2026-09-25,MakeMyTrip,7273.696809087334
MAA,DEL,2026-09-25,IndiGo,7382.505205445958
MAA,DEL,2026-09-25,AirIndia,7201.702884267341
MAA,DEL,2026-09-25,Akasa,7231.81571896969
MAA,DEL,2026-10-10,MakeMyTrip,6496.602789850698
MAA,DEL,2026-10-10,Ixigo,6298.930940717996
MAA,DEL,2026-10-10,IndiGo,6722.940045712665
MAA,DEL,2026-10-10,AirIndia,6765.415178666783
MAA,DEL,2026-10-10,Akasa,6706.346555413658
DEL,BOM,2026-08-28,MakeMyTrip,10551.082165690861
DEL,BOM,2026-08-28,IndiGo,10414.8588900186
DEL,BOM,2026-08-28,AirIndia,10917.473423323412
DEL,BOM,2026-08-28,Akasa,10857.400844358868
DEL,BOM,2026-09-03,MakeMyTrip,8023.309335290768
DEL,BOM,2026-09-03,Ixigo,8628.279882701523
DEL,BOM,2026-09-03,AirIndia,8261.404050769437
DEL,BOM,2026-09-03,Akasa,8086.75031768
DEL,BOM,2026-09-11,MakeMyTrip,6893.494575470987
DEL,BOM,2026-09-11,Ixigo,7044.669075347657
DEL,BOM,2026-09-11,IndiGo,6881.6334833892715
DEL,BOM,2026-09-11,AirIndia,6935.074906500522
DEL,BOM,2026-09-11,Akasa,6941.829387937009
DEL,BOM,2026-09-26,MakeMyTrip,5763.986110750456
DEL,BOM,2026-09-26,Ixigo,6041.712997761482
DEL,BOM,2026-09-26,IndiGo,5945.782019535921
DEL,BOM,2026-09-26,AirIndia,6254.353614750093
DEL,BOM,2026-09-26,Akasa,6005.48509044203
DEL,BOM,2026-10-11,MakeMyTrip,5125.2485181456095
DEL,BOM,2026-10-11,Ixigo,5218.441819819334
DEL,BOM,2026-10-11,IndiGo,5567.459531285476
DEL,BOM,2026-10-11,AirIndia,5384.406429240728
DEL,BOM,2026-10-11,Akasa,5320.914203760116
DEL,BLR,2026-08-28,MakeMyTrip,13871.315756098938
DEL,BLR,2026-08-28,Ixigo,13343.390154099554
DEL,BLR,2026-08-28,IndiGo,13135.648974036025
DEL,BLR,2026-08-28,AirIndia,13981.361859534276
DEL,BLR,2026-08-28,Akasa,13718.039754913138
DEL,BLR,2026-09-03,MakeMyTrip,11377.102067279582
DEL,BLR,2026-09-03,Ixigo,10949.296602977602
DEL,BLR,2026-09-03,IndiGo,10834.483681937716
DEL,BLR,2026-09-03,AirIndia,10723.509077110317
DEL,BLR,2026-09-03,Akasa,10963.482069772781
DEL,BLR,2026-09-11,MakeMyTrip,9125.117415079581
DEL,BLR,2026-09-11,Ixigo,9205.201891903944
DEL,BLR,2026-09-11,IndiGo,9531.626531951148
DEL,BLR,2026-09-11,AirIndia,9355.847899976805
DEL,BLR,2026-09-11,Akasa,9206.93368908777
DEL,BLR,2026-09-26,MakeMyTrip,7894.617283390856
DEL,BLR,2026-09-26,Ixigo,7582.8499434078
DEL,BLR,2026-09-26,IndiGo,7841.701138385177
DEL,BLR,2026-09-26,AirIndia,7881.837421178825
DEL,BLR,2026-09-26,Akasa,8176.0636832362525
DEL,BLR,2026-10-11,MakeMyTrip,7211.337162995955
DEL,BLR,2026-10-11,Ixigo,6761.56989134041
DEL,BLR,2026-10-11,IndiGo,6702.810743100413
DEL,BLR,2026-10-11,AirIndia,6659.290727596581
DEL,BLR,2026-10-11,Akasa,7143.616081217612
BOM,BLR,2026-08-28,MakeMyTrip,8435.66268661101
BOM,BLR,2026-08-28,Ixigo,8510.929746001706
BOM,BLR,2026-08-28,IndiGo,8479.179869988602
BOM,BLR,2026-08-28,AirIndia,8249.455543576729
BOM,BLR,2026-08-28,Akasa,8969.265706237236
BOM,BLR,2026-09-03,MakeMyTrip,7165.288953501138
BOM,BLR,2026-09-03,Ixigo,7131.485931914
BOM,BLR,2026-09-03,IndiGo,7040.607451762203
BOM,BLR,2026-09-03,AirIndia,6917.0996602703035
BOM,BLR,2026-09-03,Akasa,6749.584655777739
BOM,BLR,2026-09-11,MakeMyTrip,5763.417850112886
BOM,BLR,2026-09-11,Ixigo,5800.973062151426
BOM,BLR,2026-09-11,IndiGo,5728.1087941932155
BOM,BLR,2026-09-11,AirIndia,5834.56556956766
BOM,BLR,2026-09-11,Akasa,6107.312742993944
BOM,BLR,2026-09-26,MakeMyTrip,4794.827891699203
BOM,BLR,2026-09-26,Ixigo,5105.6077409570535
BOM,BLR,2026-09-26,IndiGo,4981.65897704848
BOM,BLR,2026-09-26,AirIndia,5072.460045709879
BOM,BLR,2026-09-26,Akasa,4941.707899956524
BOM,BLR,2026-10-11,MakeMyTrip,4535.100591691123
BOM,BLR,2026-10-11,Ixigo,4416.389512028605
BOM,BLR,2026-10-11,IndiGo,4506.815203887828
BOM,BLR,2026-10-11,AirIndia,4468.058610555674
BOM,BLR,2026-10-11,Akasa,3856.8422830061545
DEL,CCU,2026-08-28,MakeMyTrip,12006.933573828228
DEL,CCU,2026-08-28,Ixigo,11003.893585742682
DEL,CCU,2026-08-28,IndiGo,11739.169718834382
DEL,CCU,2026-08-28,AirIndia,11844.44109158956
DEL,CCU,2026-08-28,Akasa,9522.132935742584
DEL,CCU,2026-09-03,MakeMyTrip,9608.303799250547
DEL,CCU,2026-09-03,Ixigo,9354.884944835823
DEL,CCU,2026-09-03,IndiGo,9602.887009910453
DEL,CCU,2026-09-03,AirIndia,8955.000169863039
DEL,CCU,2026-09-03,Akasa,9017.460280639922
DEL,CCU,2026-09-11,Ixigo,8053.307900814913
DEL,CCU,2026-09-11,IndiGo,7992.198491939405
DEL,CCU,2026-09-11,AirIndia,7954.757979185662
DEL,CCU,2026-09-11,Akasa,7661.965906025056
DEL,CCU,2026-09-26,MakeMyTrip,6919.803871734399
DEL,CCU,2026-09-26,Ixigo,6801.217233680729
DEL,CCU,2026-09-26,IndiGo,6725.439518467747
DEL,CCU,2026-09-26,AirIndia,6643.183877991857
DEL,CCU,2026-09-26,Akasa,6961.942197075579
DEL,CCU,2026-10-11,MakeMyTrip,5963.888737376454
DEL,CCU,2026-10-11,Ixigo,6007.36995108984
DEL,CCU,2026-10-11,IndiGo,5836.460165714247
DEL,CCU,2026-10-11,AirIndia,6062.004391315187
DEL,CCU,2026-10-11,Akasa,5762.511261477669
BLR,HYD,2026-08-28,MakeMyTrip,6450.900090523361
BLR,HYD,2026-08-28,Ixigo,6187.257112429588
BLR,HYD,2026-08-28,IndiGo,6239.5240005869255
BLR,HYD,2026-08-28,AirIndia,6320.686090581851
BLR,HYD,2026-08-28,Akasa,6155.503741797677
BLR,HYD,2026-09-03,MakeMyTrip,4873.779778117136
BLR,HYD,2026-09-03,Ixigo,5043.5967316739725
BLR,HYD,2026-09-03,IndiGo,5076.569031011545
BLR,HYD,2026-09-03,AirIndia,5130.555976707356
BLR,HYD,2026-09-03,Akasa,5126.97593681365
BLR,HYD,2026-09-11,Ixigo,4203.5032088674125
BLR,HYD,2026-09-11,IndiGo,4271.213628366638
BLR,HYD,2026-09-11,AirIndia,4386.701456282769
BLR,HYD,2026-09-11,Akasa,4412.2364213952505
BLR,HYD,2026-09-26,MakeMyTrip,3699.0528951460087
BLR,HYD,2026-09-26,Ixigo,3580.616581494627
BLR,HYD,2026-09-26,IndiGo,3609.6193556839016
BLR,HYD,2026-09-26,AirIndia,3544.2070658920975
BLR,HYD,2026-09-26,Akasa,3538.9186016932094
BLR,HYD,2026-10-11,MakeMyTrip,3317.084802571881
BLR,HYD,2026-10-11,IndiGo,3166.101962867802
BLR,HYD,2026-10-11,AirIndia,3240.1683290681094
BLR,HYD,2026-10-11,Akasa,3141.317136752913
MAA,DEL,2026-08-28,MakeMyTrip,13184.221907972604
MAA,DEL,2026-08-28,Ixigo,13308.91383056317
MAA,DEL,2026-08-28,IndiGo,12649.460296307007
MAA,DEL,2026-08-28,AirIndia,12492.474251210575
MAA,DEL,2026-08-28,Akasa,12668.79084654616
MAA,DEL,2026-09-03,MakeMyTrip,10432.709131464293
MAA,DEL,2026-09-03,Ixigo,10062.386660185151
MAA,DEL,2026-09-03,IndiGo,10134.489762379006
MAA,DEL,2026-09-03,AirIndia,10012.022125055822
MAA,DEL,2026-09-03,Akasa,10509.064607206104
MAA,DEL,2026-09-11,MakeMyTrip,8393.052706464117
MAA,DEL,2026-09-11,Ixigo,8331.944273320203
MAA,DEL,2026-09-11,IndiGo,8855.544123367448
MAA,DEL,2026-09-11,AirIndia,8917.62039421915
MAA,DEL,2026-09-11,Akasa,8666.835982760957
MAA,DEL,2026-09-26,MakeMyTrip,7516.172507051131
MAA,DEL,2026-09-26,Ixigo,7090.254352188947
MAA,DEL,2026-09-26,IndiGo,7133.923948192241
MAA,DEL,2026-09-26,AirIndia,7316.475572834028
MAA,DEL,2026-09-26,Akasa,7431.747973156835
MAA,DEL,2026-10-11,MakeMyTrip,6590.6415886142
MAA,DEL,2026-10-11,Ixigo,6351.522356299428
MAA,DEL,2026-10-11,IndiGo,6418.901210513783
MAA,DEL,2026-10-11,AirIndia,6804.1567951942
MAA,DEL,2026-10-11,Akasa,6282.203680377418
DEL,BOM,2026-08-29,MakeMyTrip,10006.064411802601
DEL,BOM,2026-08-29,Ixigo,10387.828962371766
DEL,BOM,2026-08-29,IndiGo,10226.773543798085
DEL,BOM,2026-08-29,AirIndia,10409.240692520105
DEL,BOM,2026-08-29,Akasa,10068.680516664741
DEL,BOM,2026-09-04,MakeMyTrip,8346.287470197545
DEL,BOM,2026-09-04,Ixigo,8126.629283148722
DEL,BOM,2026-09-04,IndiGo,8749.977049810072
DEL,BOM,2026-09-04,AirIndia,8525.996918186545
DEL,BOM,2026-09-04,Akasa,8449.82684489618
DEL,BOM,2026-09-12,MakeMyTrip,6989.3717117889955
DEL,BOM,2026-09-12,Ixigo,7287.280312282603
DEL,BOM,2026-09-12,IndiGo,6790.149607431531
DEL,BOM,2026-09-12,Akasa,7354.947936297392
DEL,BOM,2026-09-27,MakeMyTrip,5921.566531476395
DEL,BOM,2026-09-27,Ixigo,6263.242923650977
DEL,BOM,2026-09-27,IndiGo,6101.461869114892
DEL,BOM,2026-09-27,AirIndia,6201.403892876842
DEL,BOM,2026-09-27,Akasa,6157.961963537137
DEL,BOM,2026-10-12,MakeMyTrip,5272.369633582544
DEL,BOM,2026-10-12,Ixigo,5362.583870158899
DEL,BOM,2026-10-12,IndiGo,5176.953753929006
DEL,BOM,2026-10-12,AirIndia,5239.920735099477
DEL,BOM,2026-10-12,Akasa,5437.22086204258
DEL,BLR,2026-08-29,MakeMyTrip,13731.43801293884
DEL,BLR,2026-08-29,Ixigo,12956.21956065344
DEL,BLR,2026-08-29,IndiGo,13530.739134344542
DEL,BLR,2026-08-29,AirIndia,13219.746692660217
DEL,BLR,2026-08-29,Akasa,13279.691449698588
DEL,BLR,2026-09-04,MakeMyTrip,10500.040727934822
DEL,BLR,2026-09-04,Ixigo,10735.205376907084
DEL,BLR,2026-09-04,IndiGo,10909.068874471057
DEL,BLR,2026-09-04,AirIndia,11076.053987294554
DEL,BLR,2026-09-04,Akasa,10436.51470699686
DEL,BLR,2026-09-12,MakeMyTrip,9161.625512302819
DEL,BLR,2026-09-12,Ixigo,9061.992523988085
DEL,BLR,2026-09-12,IndiGo,9077.355816244419
DEL,BLR,2026-09-12,AirIndia,8982.98024930732
DEL,BLR,2026-09-12,Akasa,9214.235524441514
DEL,BLR,2026-09-27,MakeMyTrip,8141.270401754774
DEL,BLR,2026-09-27,Ixigo,7542.027655712441
DEL,BLR,2026-09-27,IndiGo,7942.045743171633
DEL,BLR,2026-09-27,AirIndia,7632.093063683074
DEL,BLR,2026-09-27,Akasa,8085.237594966214
DEL,BLR,2026-10-12,MakeMyTrip,6811.609088657482
DEL,BLR,2026-10-12,Ixigo,6928.433768785612
DEL,BLR,2026-10-12,IndiGo,7005.691937477065
DEL,BLR,2026-10-12,AirIndia,6745.396172152327
DEL,BLR,2026-10-12,Akasa,6999.32354326083
BOM,BLR,2026-08-29,MakeMyTrip,8706.774151282962
BOM,BLR,2026-08-29,Ixigo,8768.766365404492
BOM,BLR,2026-08-29,IndiGo,8699.731023510747
BOM,BLR,2026-08-29,AirIndia,8624.885951318567
BOM,BLR,2026-08-29,Akasa,8506.58096031992
BOM,BLR,2026-09-04,MakeMyTrip,7243.170205033873
BOM,BLR,2026-09-04,Ixigo,6814.651952030735
BOM,BLR,2026-09-04,IndiGo,6926.54323313756
BOM,BLR,2026-09-04,AirIndia,7278.143327168687
BOM,BLR,2026-09-04,Akasa,7046.418686744871
BOM,BLR,2026-09-12,MakeMyTrip,6076.559258282792
BOM,BLR,2026-09-12,Ixigo,6100.01895111926
BOM,BLR,2026-09-12,IndiGo,5780.063091807396
BOM,BLR,2026-09-12,AirIndia,5864.340753695101
BOM,BLR,2026-09-12,Akasa,6114.839754970559
BOM,BLR,2026-09-27,MakeMyTrip,5166.534686705922
BOM,BLR,2026-09-27,Ixigo,5163.972214894868
BOM,BLR,2026-09-27,IndiGo,5114.169559329363
BOM,BLR,2026-09-27,AirIndia,4978.444247733312
BOM,BLR,2026-09-27,Akasa,4900.181343249677
BOM,BLR,2026-10-12,MakeMyTrip,4320.089789488047
BOM,BLR,2026-10-12,Ixigo,4629.433684367719
BOM,BLR,2026-10-12,IndiGo,4290.225745356282
BOM,BLR,2026-10-12,AirIndia,4623.704632159386
BOM,BLR,2026-10-12,Akasa,4357.9442943284175
DEL,CCU,2026-08-29,MakeMyTrip,11895.99786886112
DEL,CCU,2026-08-29,Ixigo,11678.508029977329
DEL,CCU,2026-08-29,IndiGo,11333.585342235214
DEL,CCU,2026-08-29,AirIndia,11417.329824229942
DEL,CCU,2026-08-29,Akasa,11648.31218826829
DEL,CCU,2026-09-04,MakeMyTrip,9473.91115571263
DEL,CCU,2026-09-04,Ixigo,8998.903889135741
DEL,CCU,2026-09-04,AirIndia,9517.070239245822
DEL,CCU,2026-09-04,Akasa,9296.89065147612
DEL,CCU,2026-09-12,MakeMyTrip,7556.113368741788
DEL,CCU,2026-09-12,Ixigo,7720.299099703308
DEL,CCU,2026-09-12,IndiGo,7566.0658683981
DEL,CCU,2026-09-12,Akasa,7648.1225193325545
DEL,CCU,2026-09-27,MakeMyTrip,6493.926876111121
DEL,CCU,2026-09-27,Ixigo,6947.030831339621
DEL,CCU,2026-09-27,IndiGo,6841.685434751881
DEL,CCU,2026-09-27,AirIndia,6768.244561523752
DEL,CCU,2026-09-27,Akasa,6541.5338181778825
DEL,CCU,2026-10-12,MakeMyTrip,6146.041426737906
DEL,CCU,2026-10-12,Ixigo,5973.627564814452
DEL,CCU,2026-10-12,IndiGo,6070.980818804369
DEL,CCU,2026-10-12,AirIndia,5792.3641955792855
DEL,CCU,2026-10-12,Akasa,5676.907638556026
BLR,HYD,2026-08-29,MakeMyTrip,5971.577866059541
BLR,HYD,2026-08-29,Ixigo,6226.554855520023
BLR,HYD,2026-08-29,IndiGo,6263.878891932998
BLR,HYD,2026-08-29,AirIndia,6235.055661892144
BLR,HYD,2026-08-29,Akasa,6292.3973338869
BLR,HYD,2026-09-04,MakeMyTrip,4833.490613069338
BLR,HYD,2026-09-04,Ixigo,4895.748610015668
BLR,HYD,2026-09-04,IndiGo,5069.227987594256
BLR,HYD,2026-09-04,AirIndia,5213.417709328822
BLR,HYD,2026-09-04,Akasa,5175.217568183516
BLR,HYD,2026-09-12,MakeMyTrip,4144.279399145026
BLR,HYD,2026-09-12,Ixigo,4293.836622030338
BLR,HYD,2026-09-12,IndiGo,4156.897384756119
BLR,HYD,2026-09-12,AirIndia,4254.833772064722
BLR,HYD,2026-09-12,Akasa,4243.351195004134
BLR,HYD,2026-09-27,MakeMyTrip,3800.167555277202
BLR,HYD,2026-09-27,Ixigo,3640.9395946749387
BLR,HYD,2026-09-27,IndiGo,3628.0418062294175
BLR,HYD,2026-09-27,AirIndia,3697.024536252128
BLR,HYD,2026-09-27,Akasa,3744.240578659839
BLR,HYD,2026-10-12,MakeMyTrip,3257.1341787471215
BLR,HYD,2026-10-12,Ixigo,3139.206157297241
BLR,HYD,2026-10-12,IndiGo,3277.6024081817714
BLR,HYD,2026-10-12,AirIndia,3335.3712631660514
BLR,HYD,2026-10-12,Akasa,3304.6797092313323
MAA,DEL,2026-08-29,MakeMyTrip,13058.453940142033
MAA,DEL,2026-08-29,Ixigo,12524.709360866316
MAA,DEL,2026-08-29,IndiGo,12419.488838966146
MAA,DEL,2026-08-29,AirIndia,13173.7096306237
MAA,DEL,2026-08-29,Akasa,12731.813564715692
MAA,DEL,2026-09-04,MakeMyTrip,10823.606185168295
MAA,DEL,2026-09-04,IndiGo,10225.278546434776
MAA,DEL,2026-09-04,AirIndia,10410.84003528277
MAA,DEL,2026-09-04,Akasa,10355.426065511183
MAA,DEL,2026-09-12,MakeMyTrip,8461.881109448377
MAA,DEL,2026-09-12,Ixigo,8754.912582090315
MAA,DEL,2026-09-12,IndiGo,8810.601548742077
MAA,DEL,2026-09-12,AirIndia,8467.500698257007
MAA,DEL,2026-09-12,Akasa,8307.893234091049
MAA,DEL,2026-09-27,MakeMyTrip,7447.481232655142
MAA,DEL,2026-09-27,Ixigo,7400.446896041851
MAA,DEL,2026-09-27,IndiGo,7760.272620252227
MAA,DEL,2026-09-27,AirIndia,7171.57894220687
MAA,DEL,2026-09-27,Akasa,7127.13677205294
MAA,DEL,2026-10-12,MakeMyTrip,6747.895707113431
MAA,DEL,2026-10-12,IndiGo,6465.907715033335
MAA,DEL,2026-10-12,AirIndia,6824.41889324885
MAA,DEL,2026-10-12,Akasa,6558.165773880578
DEL,BOM,2026-08-30,MakeMyTrip,10237.430572545072
DEL,BOM,2026-08-30,Ixigo,10095.03885729362
DEL,BOM,2026-08-30,IndiGo,10468.918132960387
DEL,BOM,2026-08-30,AirIndia,10418.868996118828
DEL,BOM,2026-08-30,Akasa,10558.993171084343
DEL,BOM,2026-09-05,MakeMyTrip,8499.44854358148
DEL,BOM,2026-09-05,Ixigo,8167.828727612852
DEL,BOM,2026-09-05,IndiGo,8790.424437267431
DEL,BOM,2026-09-05,AirIndia,8098.471282813929
DEL,BOM,2026-09-05,Akasa,8406.566475351321
DEL,BOM,2026-09-13,MakeMyTrip,7190.66930612644
DEL,BOM,2026-09-13,Ixigo,6979.794187070785
DEL,BOM,2026-09-13,IndiGo,7305.91483922791
DEL,BOM,2026-09-13,Akasa,6924.8363606228695
DEL,BOM,2026-09-28,MakeMyTrip,5970.2138333534795
DEL,BOM,2026-09-28,Ixigo,6226.014347987302
DEL,BOM,2026-09-28,IndiGo,6282.167793499837
DEL,BOM,2026-09-28,AirIndia,5959.74796027535
DEL,BOM,2026-10-13,MakeMyTrip,5471.934247557094
DEL,BOM,2026-10-13,Ixigo,5641.39483221093
DEL,BOM,2026-10-13,IndiGo,5317.755161371151
DEL,BOM,2026-10-13,AirIndia,5561.537985771333
DEL,BOM,2026-10-13,Akasa,5515.605944746564
DEL,BLR,2026-08-30,MakeMyTrip,13559.323720599075
DEL,BLR,2026-08-30,Ixigo,13470.934339311076
DEL,BLR,2026-08-30,IndiGo,13639.15969093808
DEL,BLR,2026-08-30,AirIndia,13180.839483276573
DEL,BLR,2026-08-30,Akasa,13769.989278973268
DEL,BLR,2026-09-05,MakeMyTrip,10634.635954119694
DEL,BLR,2026-09-05,Ixigo,10940.6955620682
DEL,BLR,2026-09-05,IndiGo,10438.707735764237
DEL,BLR,2026-09-05,AirIndia,10537.682440886008
DEL,BLR,2026-09-05,Akasa,10500.613303518498
DEL,BLR,2026-09-13,MakeMyTrip,8946.30217824489
DEL,BLR,2026-09-13,Ixigo,9462.457860026741
DEL,BLR,2026-09-13,IndiGo,9390.883166341335
DEL,BLR,2026-09-13,AirIndia,9495.5571477396
DEL,BLR,2026-09-13,Akasa,9203.365046135452
DEL,BLR,2026-09-28,MakeMyTrip,7505.556773835896
DEL,BLR,2026-09-28,Ixigo,8034.970746304097
DEL,BLR,2026-09-28,IndiGo,8097.970510425985
DEL,BLR,2026-09-28,AirIndia,8205.27175866983
DEL,BLR,2026-09-28,Akasa,7751.8687598144115
DEL,BLR,2026-10-13,MakeMyTrip,6963.482641069022
DEL,BLR,2026-10-13,Ixigo,7237.7023188928615
DEL,BLR,2026-10-13,IndiGo,7153.913893740488
DEL,BLR,2026-10-13,AirIndia,7121.709365989292
DEL,BLR,2026-10-13,Akasa,6991.422477797091
BOM,BLR,2026-08-30,MakeMyTrip,8356.237706334708
BOM,BLR,2026-08-30,Ixigo,8291.572513098901
BOM,BLR,2026-08-30,IndiGo,8601.75801157715
BOM,BLR,2026-08-30,AirIndia,8326.798877061961
BOM,BLR,2026-08-30,Akasa,8474.285714003116
BOM,BLR,2026-09-05,MakeMyTrip,6847.057175666636
BOM,BLR,2026-09-05,Ixigo,7109.2885652093055
BOM,BLR,2026-09-05,IndiGo,7199.702928296054
BOM,BLR,2026-09-05,AirIndia,6718.374627470204
BOM,BLR,2026-09-05,Akasa,6686.636278571502
BOM,BLR,2026-09-13,MakeMyTrip,6069.164274579429
BOM,BLR,2026-09-13,Ixigo,5679.0935006264735
BOM,BLR,2026-09-13,IndiGo,6117.507898957221
BOM,BLR,2026-09-13,AirIndia,5897.120618440662
BOM,BLR,2026-09-13,Akasa,5810.948409405287
BOM,BLR,2026-09-28,Ixigo,4791.826412311994
BOM,BLR,2026-09-28,IndiGo,4259.645630686161
BOM,BLR,2026-09-28,AirIndia,4998.508772651622
BOM,BLR,2026-09-28,Akasa,5042.781232578455
BOM,BLR,2026-10-13,MakeMyTrip,4577.548515210448
BOM,BLR,2026-10-13,Ixigo,4363.753954732847
BOM,BLR,2026-10-13,IndiGo,4486.065576165999
BOM,BLR,2026-10-13,AirIndia,4400.033242305802
BOM,BLR,2026-10-13,Akasa,4409.634011708375
DEL,CCU,2026-08-30,MakeMyTrip,11135.798331124437
DEL,CCU,2026-08-30,Ixigo,11650.655205017623
DEL,CCU,2026-08-30,IndiGo,11540.090315418129
DEL,CCU,2026-08-30,AirIndia,12126.361184680369
DEL,CCU,2026-08-30,Akasa,11189.019605433863
DEL,CCU,2026-09-05,MakeMyTrip,9545.81599104081
DEL,CCU,2026-09-05,Ixigo,9020.307323481207
DEL,CCU,2026-09-05,IndiGo,9606.212386233003
DEL,CCU,2026-09-05,AirIndia,9738.938674102146
DEL,CCU,2026-09-05,Akasa,8973.657164226062
DEL,CCU,2026-09-13,MakeMyTrip,7918.0902077842065
DEL,CCU,2026-09-13,Ixigo,7859.84299847679
DEL,CCU,2026-09-13,AirIndia,8125.562482418294
DEL,CCU,2026-09-13,Akasa,6960.161733182771
DEL,CCU,2026-09-28,MakeMyTrip,6759.889729407608
DEL,CCU,2026-09-28,Ixigo,6471.777600432701
DEL,CCU,2026-09-28,IndiGo,6882.974631093418
DEL,CCU,2026-09-28,AirIndia,6503.507347732912
DEL,CCU,2026-09-28,Akasa,6996.278536203075
DEL,CCU,2026-10-13,MakeMyTrip,6074.437500309818
DEL,CCU,2026-10-13,Ixigo,5780.7187887845985
DEL,CCU,2026-10-13,IndiGo,5849.405911835181
DEL,CCU,2026-10-13,AirIndia,5960.51945844923
DEL,CCU,2026-10-13,Akasa,5795.598235103401
BLR,HYD,2026-08-30,MakeMyTrip,6368.458123713093
BLR,HYD,2026-08-30,Ixigo,6467.750183344639
BLR,HYD,2026-08-30,IndiGo,6154.339167110463
BLR,HYD,2026-08-30,AirIndia,6204.711994489192
BLR,HYD,2026-08-30,Akasa,6441.089721371486
BLR,HYD,2026-09-05,MakeMyTrip,5050.46019907606
BLR,HYD,2026-09-05,Ixigo,5257.532551960579
BLR,HYD,2026-09-05,IndiGo,5205.506039212549
BLR,HYD,2026-09-05,AirIndia,5002.511589197631
BLR,HYD,2026-09-05,Akasa,5145.82784881256
BLR,HYD,2026-09-13,MakeMyTrip,4252.786065070123
BLR,HYD,2026-09-13,Ixigo,4085.0305512261257
BLR,HYD,2026-09-13,IndiGo,4283.578119003914
BLR,HYD,2026-09-13,AirIndia,4157.176015869147
BLR,HYD,2026-09-13,Akasa,4273.659105936633
BLR,HYD,2026-09-28,MakeMyTrip,3663.6092081627057
BLR,HYD,2026-09-28,Ixigo,3691.3720932191063
BLR,HYD,2026-09-28,IndiGo,3682.630915731634
BLR,HYD,2026-09-28,AirIndia,3684.140510832549
BLR,HYD,2026-09-28,Akasa,3763.089901576169
BLR,HYD,2026-10-13,MakeMyTrip,3305.843606789555
BLR,HYD,2026-10-13,Ixigo,3369.924301931546
BLR,HYD,2026-10-13,IndiGo,3383.1567832999135
BLR,HYD,2026-10-13,AirIndia,3300.9359517449266
BLR,HYD,2026-10-13,Akasa,3351.7015834517633
MAA,DEL,2026-08-30,MakeMyTrip,13290.470904699145
MAA,DEL,2026-08-30,IndiGo,12963.27749463112
MAA,DEL,2026-08-30,AirIndia,13192.69502568454
MAA,DEL,2026-08-30,Akasa,12889.450041453627
MAA,DEL,2026-09-05,MakeMyTrip,10410.233806471171
MAA,DEL,2026-09-05,Ixigo,10702.76538340547
MAA,DEL,2026-09-05,IndiGo,10512.176752547039
MAA,DEL,2026-09-05,AirIndia,10055.666165060638
MAA,DEL,2026-09-05,Akasa,10580.608430477232
MAA,DEL,2026-09-13,MakeMyTrip,8906.935820967634
MAA,DEL,2026-09-13,Ixigo,8367.01562911509
MAA,DEL,2026-09-13,IndiGo,8812.544366313006
MAA,DEL,2026-09-13,AirIndia,8422.768921220497
MAA,DEL,2026-09-13,Akasa,8351.809901873346
MAA,DEL,2026-09-28,MakeMyTrip,7685.409039642995
MAA,DEL,2026-09-28,Ixigo,7329.837047995103
MAA,DEL,2026-09-28,IndiGo,7680.272945468545
MAA,DEL,2026-09-28,AirIndia,7484.153548414817
MAA,DEL,2026-09-28,Akasa,7666.806933411465
MAA,DEL,2026-10-13,MakeMyTrip,5897.423622245752
MAA,DEL,2026-10-13,Ixigo,6687.925391202934
MAA,DEL,2026-10-13,IndiGo,5497.863640135903
MAA,DEL,2026-10-13,AirIndia,6401.097812460245
MAA,DEL,2026-10-13,Akasa,6531.638524049427
DEL,BOM,2026-08-31,MakeMyTrip,10258.94774580644
DEL,BOM,2026-08-31,Ixigo,10810.10862230483
DEL,BOM,2026-08-31,IndiGo,10318.79681281924
DEL,BOM,2026-08-31,AirIndia,10320.335141705244
DEL,BOM,2026-08-31,Akasa,10803.815606838283
DEL,BOM,2026-09-06,MakeMyTrip,8858.084000490919
DEL,BOM,2026-09-06,Ixigo,8139.274935886566
DEL,BOM,2026-09-06,IndiGo,8338.044053626558
DEL,BOM,2026-09-06,AirIndia,8857.735379240312
DEL,BOM,2026-09-06,Akasa,8097.154891492013
DEL,BOM,2026-09-14,MakeMyTrip,7058.115590210089
DEL,BOM,2026-09-14,Ixigo,7142.3010497930245
DEL,BOM,2026-09-14,IndiGo,7085.622431415709
DEL,BOM,2026-09-14,AirIndia,7002.498216346224
DEL,BOM,2026-09-14,Akasa,6932.850515884152
DEL,BOM,2026-09-29,MakeMyTrip,6137.79748978514
DEL,BOM,2026-09-29,Ixigo,5916.643197014075
DEL,BOM,2026-09-29,IndiGo,6182.272452248235
DEL,BOM,2026-09-29,AirIndia,6298.65048287234
DEL,BOM,2026-09-29,Akasa,6104.19320853572
DEL,BOM,2026-10-14,MakeMyTrip,5149.539196661621
DEL,BOM,2026-10-14,Ixigo,5328.88210394075
DEL,BOM,2026-10-14,IndiGo,5178.540909599692
DEL,BOM,2026-10-14,AirIndia,5245.360858486965
DEL,BOM,2026-10-14,Akasa,5238.535088420481
DEL,BLR,2026-08-31,MakeMyTrip,13147.527286126136
DEL,BLR,2026-08-31,Ixigo,13924.066459046671
DEL,BLR,2026-08-31,IndiGo,13918.038291175215
DEL,BLR,2026-08-31,AirIndia,13115.958662483748
DEL,BLR,2026-08-31,Akasa,14161.97967189651
DEL,BLR,2026-09-06,MakeMyTrip,10879.249398515101
DEL,BLR,2026-09-06,Ixigo,10537.493444816466
DEL,BLR,2026-09-06,IndiGo,10725.754948256732
DEL,BLR,2026-09-06,AirIndia,10513.536289834668
DEL,BLR,2026-09-06,Akasa,11479.905986218819
DEL,BLR,2026-09-14,MakeMyTrip,9101.194747019103
DEL,BLR,2026-09-14,Ixigo,9325.328737859678
DEL,BLR,2026-09-14,IndiGo,9627.428366589622
DEL,BLR,2026-09-14,AirIndia,9292.595264426376
DEL,BLR,2026-09-14,Akasa,9511.855768729007
DEL,BLR,2026-09-29,MakeMyTrip,8106.153007647927
DEL,BLR,2026-09-29,Ixigo,8197.67688432775
DEL,BLR,2026-09-29,IndiGo,8196.885943246321
DEL,BLR,2026-09-29,AirIndia,8006.759791207845
DEL,BLR,2026-09-29,Akasa,7866.459058595903
DEL,BLR,2026-10-14,MakeMyTrip,7270.224731039937
DEL,BLR,2026-10-14,Ixigo,6903.628855542269
DEL,BLR,2026-10-14,IndiGo,7014.2248356756245
DEL,BLR,2026-10-14,AirIndia,6803.865367395221
DEL,BLR,2026-10-14,Akasa,6913.93869669357
BOM,BLR,2026-08-31,MakeMyTrip,8934.135056858488
BOM,BLR,2026-08-31,Ixigo,8937.61821955006
BOM,BLR,2026-08-31,IndiGo,8991.118586717079
BOM,BLR,2026-08-31,AirIndia,8665.410994732609
BOM,BLR,2026-08-31,Akasa,8465.817174341755
BOM,BLR,2026-09-06,MakeMyTrip,7274.517936595115
BOM,BLR,2026-09-06,Ixigo,6698.981313656492
BOM,BLR,2026-09-06,IndiGo,7306.598409095047
BOM,BLR,2026-09-06,AirIndia,6680.768563805216
BOM,BLR,2026-09-06,Akasa,6849.053400375069
BOM,BLR,2026-09-14,MakeMyTrip,5683.108068576926
BOM,BLR,2026-09-14,Ixigo,5602.197130825746
BOM,BLR,2026-09-14,IndiGo,5782.389340783704
BOM,BLR,2026-09-14,AirIndia,5828.042755433595
BOM,BLR,2026-09-14,Akasa,5792.995064290782
BOM,BLR,2026-09-29,MakeMyTrip,5009.918933840498
BOM,BLR,2026-09-29,Ixigo,4945.152219459894
BOM,BLR,2026-09-29,IndiGo,5063.800794358104
BOM,BLR,2026-09-29,AirIndia,4891.09576312222
BOM,BLR,2026-09-29,Akasa,5221.433197582578
BOM,BLR,2026-10-14,MakeMyTrip,4676.952924424005
BOM,BLR,2026-10-14,Ixigo,4432.740909029126
BOM,BLR,2026-10-14,IndiGo,4524.480048631884
BOM,BLR,2026-10-14,AirIndia,4503.100886244281
BOM,BLR,2026-10-14,Akasa,4350.485393844112
DEL,CCU,2026-08-31,Ixigo,11931.206626730169
DEL,CCU,2026-08-31,AirIndia,11178.917522913698
DEL,CCU,2026-08-31,Akasa,11256.968106342234
DEL,CCU,2026-09-06,MakeMyTrip,9764.367258231723
DEL,CCU,2026-09-06,Ixigo,9157.407494183706
DEL,CCU,2026-09-06,IndiGo,8997.803787626994
DEL,CCU,2026-09-06,AirIndia,9401.7656093994
DEL,CCU,2026-09-06,Akasa,9800.794470019173
DEL,CCU,2026-09-14,MakeMyTrip,7638.807306893129
DEL,CCU,2026-09-14,Ixigo,8041.552218422864
DEL,CCU,2026-09-14,IndiGo,7930.496311862705
DEL,CCU,2026-09-14,AirIndia,6754.811103804762
DEL,CCU,2026-09-14,Akasa,7706.152868113261
DEL,CCU,2026-09-29,MakeMyTrip,6942.481044126589
DEL,CCU,2026-09-29,Ixigo,6687.635597476752
DEL,CCU,2026-09-29,IndiGo,6635.056680209338
DEL,CCU,2026-09-29,AirIndia,6535.800058716987
DEL,CCU,2026-09-29,Akasa,6853.799232678169
DEL,CCU,2026-10-14,MakeMyTrip,5765.889853859948
DEL,CCU,2026-10-14,Ixigo,5737.75322696654
DEL,CCU,2026-10-14,IndiGo,5684.62584316621
DEL,CCU,2026-10-14,AirIndia,5884.289382733177
DEL,CCU,2026-10-14,Akasa,5806.943847334102
BLR,HYD,2026-08-31,MakeMyTrip,6422.083905115242
BLR,HYD,2026-08-31,Ixigo,6072.349454784313
BLR,HYD,2026-08-31,IndiGo,5982.9587476695915
BLR,HYD,2026-08-31,AirIndia,6321.817581567088
BLR,HYD,2026-08-31,Akasa,6205.997473389962
BLR,HYD,2026-09-06,MakeMyTrip,5102.171972170522
BLR,HYD,2026-09-06,Ixigo,5038.786632584037
BLR,HYD,2026-09-06,IndiGo,5228.884229022439
BLR,HYD,2026-09-06,AirIndia,5158.382321444813
BLR,HYD,2026-09-06,Akasa,5230.068164262582
BLR,HYD,2026-09-14,MakeMyTrip,4378.122329688493
BLR,HYD,2026-09-14,Ixigo,4340.621606333929
BLR,HYD,2026-09-14,IndiGo,4108.860784710467
BLR,HYD,2026-09-14,AirIndia,4226.041401474958
BLR,HYD,2026-09-14,Akasa,4235.045024471627
BLR,HYD,2026-09-29,MakeMyTrip,3605.136796950196
BLR,HYD,2026-09-29,Ixigo,3564.7406083914498
BLR,HYD,2026-09-29,IndiGo,3560.935250958371
BLR,HYD,2026-09-29,AirIndia,3703.646738656811
BLR,HYD,2026-09-29,Akasa,3752.45356737445
BLR,HYD,2026-10-14,MakeMyTrip,3182.908694546465
BLR,HYD,2026-10-14,Ixigo,3313.1190981797163
BLR,HYD,2026-10-14,IndiGo,3134.641752651569
BLR,HYD,2026-10-14,AirIndia,3315.3195318930193
BLR,HYD,2026-10-14,Akasa,2926.6734829620905
MAA,DEL,2026-08-31,MakeMyTrip,12993.653632229003
MAA,DEL,2026-08-31,Ixigo,13269.257165181423
MAA,DEL,2026-08-31,IndiGo,12874.09536832767
MAA,DEL,2026-08-31,AirIndia,13457.698133418919
MAA,DEL,2026-08-31,Akasa,13210.551248173288
MAA,DEL,2026-09-06,MakeMyTrip,10680.55550780146
MAA,DEL,2026-09-06,Ixigo,10763.80761196995
MAA,DEL,2026-09-06,IndiGo,10826.471507024671
MAA,DEL,2026-09-06,AirIndia,10853.105582804736
MAA,DEL,2026-09-06,Akasa,10515.335277430142
MAA,DEL,2026-09-14,MakeMyTrip,8573.44575441201
MAA,DEL,2026-09-14,Ixigo,8963.39087869554
MAA,DEL,2026-09-14,IndiGo,8637.830508590805
MAA,DEL,2026-09-14,AirIndia,8421.794812308346
MAA,DEL,2026-09-14,Akasa,9115.568855732026
MAA,DEL,2026-09-29,MakeMyTrip,7564.9092072821195
MAA,DEL,2026-09-29,Ixigo,7630.528981899732
MAA,DEL,2026-09-29,IndiGo,7361.55536379795
MAA,DEL,2026-09-29,AirIndia,7582.244292718909
MAA,DEL,2026-09-29,Akasa,7499.179057893441
MAA,DEL,2026-10-14,MakeMyTrip,6888.531118212346
MAA,DEL,2026-10-14,Ixigo,6850.618431613085
MAA,DEL,2026-10-14,IndiGo,6480.792652689711
MAA,DEL,2026-10-14,AirIndia,6917.727309775839
MAA,DEL,2026-10-14,Akasa,6897.973144778196
DEL,BOM,2026-09-01,MakeMyTrip,10980.463066849075
DEL,BOM,2026-09-01,Ixigo,10516.383475298691
DEL,BOM,2026-09-01,IndiGo,11024.355292894947
DEL,BOM,2026-09-01,AirIndia,10535.470447245503
DEL,BOM,2026-09-01,Akasa,10336.294286413513
DEL,BOM,2026-09-07,MakeMyTrip,8641.369042131517
DEL,BOM,2026-09-07,Ixigo,8101.612275398741
DEL,BOM,2026-09-07,IndiGo,8607.756360248764
DEL,BOM,2026-09-07,AirIndia,8781.632010638661
DEL,BOM,2026-09-07,Akasa,8537.628679475267
DEL,BOM,2026-09-15,MakeMyTrip,6005.709778977925
DEL,BOM,2026-09-15,Ixigo,7450.899881040595
DEL,BOM,2026-09-15,IndiGo,6863.958183472554
DEL,BOM,2026-09-15,AirIndia,6905.229044357788
DEL,BOM,2026-09-15,Akasa,7399.874983444091
DEL,BOM,2026-09-30,MakeMyTrip,6301.705464314062
DEL,BOM,2026-09-30,Ixigo,5877.15508745568
DEL,BOM,2026-09-30,IndiGo,5905.295006481995
DEL,BOM,2026-09-30,AirIndia,5939.955185540156
DEL,BOM,2026-09-30,Akasa,6221.555891719565
DEL,BOM,2026-10-15,MakeMyTrip,5619.8645186890035
DEL,BOM,2026-10-15,Ixigo,5648.859999717666
DEL,BOM,2026-10-15,IndiGo,5324.4504296715895
DEL,BOM,2026-10-15,AirIndia,5184.037202980227
DEL,BOM,2026-10-15,Akasa,5250.176214637653
DEL,BLR,2026-09-01,MakeMyTrip,13591.504969960795
DEL,BLR,2026-09-01,Ixigo,13971.544175521305
DEL,BLR,2026-09-01,IndiGo,13269.913546074064
DEL,BLR,2026-09-01,AirIndia,13822.315225137469
DEL,BLR,2026-09-01,Akasa,13916.922328174976
DEL,BLR,2026-09-07,Ixigo,11511.008847530646
DEL,BLR,2026-09-07,IndiGo,10550.833929742528
DEL,BLR,2026-09-07,AirIndia,11531.6230639903
DEL,BLR,2026-09-07,Akasa,11103.775562192717
DEL,BLR,2026-09-15,MakeMyTrip,9029.362321492312
DEL,BLR,2026-09-15,IndiGo,8829.72958851164
DEL,BLR,2026-09-15,AirIndia,9327.711674172433
DEL,BLR,2026-09-15,Akasa,9456.696111324269
DEL,BLR,2026-09-30,MakeMyTrip,8014.99861655038
DEL,BLR,2026-09-30,Ixigo,8019.98778760818
DEL,BLR,2026-09-30,IndiGo,7702.543809865756
DEL,BLR,2026-09-30,AirIndia,8066.326934012004
DEL,BLR,2026-09-30,Akasa,8082.417253800715
DEL,BLR,2026-10-15,MakeMyTrip,6808.6903665609025
DEL,BLR,2026-10-15,Ixigo,6930.205557794094
DEL,BLR,2026-10-15,IndiGo,7222.416983280959
DEL,BLR,2026-10-15,AirIndia,7257.614868255007
DEL,BLR,2026-10-15,Akasa,7158.234376949262
BOM,BLR,2026-09-01,MakeMyTrip,8361.697989444217
BOM,BLR,2026-09-01,AirIndia,8377.491412074998
BOM,BLR,2026-09-01,Akasa,8435.551562393506
BOM,BLR,2026-09-07,MakeMyTrip,6945.676797687508
BOM,BLR,2026-09-07,Ixigo,7304.455988479353
BOM,BLR,2026-09-07,IndiGo,7293.650938487168
BOM,BLR,2026-09-07,AirIndia,6750.727133661292
BOM,BLR,2026-09-07,Akasa,6800.857161570341
BOM,BLR,2026-09-15,MakeMyTrip,5685.153766272407
BOM,BLR,2026-09-15,Ixigo,5835.912518090103
BOM,BLR,2026-09-15,IndiGo,5753.896740772045
BOM,BLR,2026-09-15,AirIndia,5668.1658417269755
BOM,BLR,2026-09-15,Akasa,5606.599092043328
BOM,BLR,2026-09-30,MakeMyTrip,5249.867701987249
BOM,BLR,2026-09-30,Ixigo,5236.200471591541
BOM,BLR,2026-09-30,IndiGo,4963.707115277999
BOM,BLR,2026-09-30,AirIndia,5229.621501984413
BOM,BLR,2026-09-30,Akasa,5262.45444490477
BOM,BLR,2026-10-15,MakeMyTrip,4371.655737576639
BOM,BLR,2026-10-15,IndiGo,4306.543567911025
BOM,BLR,2026-10-15,AirIndia,4383.778035778632
BOM,BLR,2026-10-15,Akasa,4594.506164847041
DEL,CCU,2026-09-01,MakeMyTrip,11951.741525685238
DEL,CCU,2026-09-01,Ixigo,11073.468898801973
DEL,CCU,2026-09-01,IndiGo,11707.000047016809
DEL,CCU,2026-09-01,AirIndia,12187.009836856185
DEL,CCU,2026-09-01,Akasa,12004.318622278204
DEL,CCU,2026-09-07,MakeMyTrip,9025.168454382117
DEL,CCU,2026-09-07,Ixigo,9390.795265932635
DEL,CCU,2026-09-07,IndiGo,9257.026527656817
DEL,CCU,2026-09-07,AirIndia,9152.70843521657
DEL,CCU,2026-09-07,Akasa,9507.005029293177
DEL,CCU,2026-09-15,MakeMyTrip,7831.4016102237965
DEL,CCU,2026-09-15,Ixigo,7953.046305142391
DEL,CCU,2026-09-15,IndiGo,8053.242667813181
DEL,CCU,2026-09-15,AirIndia,7688.564834679965
DEL,CCU,2026-09-15,Akasa,7603.124017052024
DEL,CCU,2026-09-30,MakeMyTrip,6436.68222299395
DEL,CCU,2026-09-30,Ixigo,6494.06932302546
DEL,CCU,2026-09-30,IndiGo,6419.363681909219
DEL,CCU,2026-09-30,AirIndia,6517.354270621263
DEL,CCU,2026-09-30,Akasa,6584.751022035074
DEL,CCU,2026-10-15,MakeMyTrip,6185.672837269329
DEL,CCU,2026-10-15,Ixigo,5759.751432092469
DEL,CCU,2026-10-15,IndiGo,5770.920025784589
DEL,CCU,2026-10-15,AirIndia,5737.073565286048
DEL,CCU,2026-10-15,Akasa,5731.007963459867
BLR,HYD,2026-09-01,MakeMyTrip,6188.060969722484
BLR,HYD,2026-09-01,Ixigo,6419.507450450535
BLR,HYD,2026-09-01,IndiGo,6003.051812531938
BLR,HYD,2026-09-01,AirIndia,6403.471049642282
BLR,HYD,2026-09-01,Akasa,5983.450112267216
BLR,HYD,2026-09-07,MakeMyTrip,5125.749608082803
BLR,HYD,2026-09-07,Ixigo,4839.938269458795
BLR,HYD,2026-09-07,IndiGo,4885.373563248319
BLR,HYD,2026-09-07,AirIndia,5121.671274614685
BLR,HYD,2026-09-15,MakeMyTrip,4080.8354955071172
BLR,HYD,2026-09-15,Ixigo,4205.082790609742
BLR,HYD,2026-09-15,IndiGo,4422.828590164605
BLR,HYD,2026-09-15,AirIndia,4279.164463670508
BLR,HYD,2026-09-15,Akasa,4178.1362709597015
BLR,HYD,2026-09-30,MakeMyTrip,3555.451218333824
BLR,HYD,2026-09-30,Ixigo,3614.300370578713
BLR,HYD,2026-09-30,IndiGo,3541.7364549475546
BLR,HYD,2026-09-30,AirIndia,3704.9157948848483
BLR,HYD,2026-09-30,Akasa,3638.297052051697
BLR,HYD,2026-10-15,MakeMyTrip,3364.1865062807287
BLR,HYD,2026-10-15,Ixigo,3350.842019903337
BLR,HYD,2026-10-15,IndiGo,3330.024006354228
BLR,HYD,2026-10-15,AirIndia,3215.1302831379217
BLR,HYD,2026-10-15,Akasa,3193.256315990072
MAA,DEL,2026-09-01,MakeMyTrip,12951.827178768915
MAA,DEL,2026-09-01,Ixigo,12534.55199957984
MAA,DEL,2026-09-01,IndiGo,12796.979171093575
MAA,DEL,2026-09-01,AirIndia,13258.621474613614
MAA,DEL,2026-09-01,Akasa,13060.058550618218
MAA,DEL,2026-09-07,MakeMyTrip,10852.891759720282
MAA,DEL,2026-09-07,Ixigo,10766.809358362616
MAA,DEL,2026-09-07,IndiGo,10845.141504751396
MAA,DEL,2026-09-07,AirIndia,10479.10176745138
MAA,DEL,2026-09-07,Akasa,10122.410203699314
MAA,DEL,2026-09-15,MakeMyTrip,9042.362138558843
MAA,DEL,2026-09-15,Ixigo,8322.80784168321
MAA,DEL,2026-09-15,IndiGo,8423.441421805855
MAA,DEL,2026-09-15,AirIndia,9078.558245728915
MAA,DEL,2026-09-15,Akasa,8329.525314140188
MAA,DEL,2026-09-30,MakeMyTrip,7113.621367644579
MAA,DEL,2026-09-30,Ixigo,7726.243432071977
MAA,DEL,2026-09-30,IndiGo,7296.755203461062
MAA,DEL,2026-09-30,AirIndia,7627.159623794289
MAA,DEL,2026-09-30,Akasa,6477.039892330463
MAA,DEL,2026-10-15,MakeMyTrip,6870.018212657307
MAA,DEL,2026-10-15,Ixigo,6480.875387129987
MAA,DEL,2026-10-15,IndiGo,6727.106460917595
MAA,DEL,2026-10-15,AirIndia,6738.753862344771
MAA,DEL,2026-10-15,Akasa,6854.924112107218
DEL,BOM,2026-09-02,MakeMyTrip,11004.27310729113
DEL,BOM,2026-09-02,IndiGo,10197.007184038277
DEL,BOM,2026-09-02,AirIndia,10593.474863399546
DEL,BOM,2026-09-02,Akasa,10384.311960319112
DEL,BOM,2026-09-08,MakeMyTrip,8466.335863464326
DEL,BOM,2026-09-08,Ixigo,8750.421821633576
DEL,BOM,2026-09-08,IndiGo,8527.606556126424
DEL,BOM,2026-09-08,AirIndia,8576.668802380907
DEL,BOM,2026-09-08,Akasa,8612.154421339164
DEL,BOM,2026-09-16,MakeMyTrip,7250.605182622189
DEL,BOM,2026-09-16,Ixigo,7413.072589231359
DEL,BOM,2026-09-16,IndiGo,7019.366771635086
DEL,BOM,2026-09-16,AirIndia,7367.19136031466
DEL,BOM,2026-09-16,Akasa,7259.397022972578
DEL,BOM,2026-10-01,MakeMyTrip,6388.014992529587
DEL,BOM,2026-10-01,Ixigo,6147.152804029939
DEL,BOM,2026-10-01,IndiGo,6360.03463989957
DEL,BOM,2026-10-01,AirIndia,6270.334679384704
DEL,BOM,2026-10-01,Akasa,6298.622881220921
DEL,BOM,2026-10-16,MakeMyTrip,5500.948221144794
DEL,BOM,2026-10-16,Ixigo,5548.536312738956
DEL,BOM,2026-10-16,IndiGo,5492.538874431202
DEL,BOM,2026-10-16,Akasa,5520.429836242107
DEL,BLR,2026-09-02,MakeMyTrip,14142.716336191432
DEL,BLR,2026-09-02,IndiGo,13126.207701416073
DEL,BLR,2026-09-02,AirIndia,14303.117509123918
DEL,BLR,2026-09-02,Akasa,13837.484804392361
DEL,BLR,2026-09-08,MakeMyTrip,10814.90466260929
DEL,BLR,2026-09-08,IndiGo,11240.534716901282
DEL,BLR,2026-09-08,AirIndia,11067.19782470124
DEL,BLR,2026-09-08,Akasa,11154.303137323806
DEL,BLR,2026-09-16,MakeMyTrip,9679.8894388437
DEL,BLR,2026-09-16,Ixigo,9600.55500394792
DEL,BLR,2026-09-16,IndiGo,8865.054507926005
DEL,BLR,2026-09-16,AirIndia,9615.244688939676
DEL,BLR,2026-09-16,Akasa,9006.641607457152
DEL,BLR,2026-10-01,MakeMyTrip,7752.6362321660035
DEL,BLR,2026-10-01,Ixigo,7983.515598545251
DEL,BLR,2026-10-01,IndiGo,7968.10241189216
DEL,BLR,2026-10-01,AirIndia,7854.9059649480505
DEL,BLR,2026-10-01,Akasa,8046.886086862914
DEL,BLR,2026-10-16,MakeMyTrip,7153.720735886842
DEL,BLR,2026-10-16,Ixigo,7014.5629342498705
DEL,BLR,2026-10-16,AirIndia,6991.375978487203
DEL,BLR,2026-10-16,Akasa,7167.261389143624
BOM,BLR,2026-09-02,MakeMyTrip,8575.881141526635
BOM,BLR,2026-09-02,Ixigo,8985.493986532403
BOM,BLR,2026-09-02,IndiGo,8858.35028703922
BOM,BLR,2026-09-02,AirIndia,8398.002604424422
BOM,BLR,2026-09-02,Akasa,8280.061391429525
BOM,BLR,2026-09-08,MakeMyTrip,6681.943863258698
BOM,BLR,2026-09-08,Ixigo,7093.7265270306325
BOM,BLR,2026-09-08,IndiGo,6855.13454298153
BOM,BLR,2026-09-08,AirIndia,6711.8660725876
BOM,BLR,2026-09-08,Akasa,6986.334610457487
BOM,BLR,2026-09-16,Ixigo,5815.353281061624
BOM,BLR,2026-09-16,IndiGo,5973.410217792363
BOM,BLR,2026-09-16,AirIndia,5629.022046478574
BOM,BLR,2026-09-16,Akasa,6023.897263444869
BOM,BLR,2026-10-01,Ixigo,4875.871607495744
BOM,BLR,2026-10-01,IndiGo,4912.195001422628
BOM,BLR,2026-10-01,AirIndia,4912.461583446857
BOM,BLR,2026-10-01,Akasa,5108.518312909118
BOM,BLR,2026-10-16,MakeMyTrip,4559.590653402925
BOM,BLR,2026-10-16,Ixigo,4598.736370141728
BOM,BLR,2026-10-16,IndiGo,4349.126755143436
BOM,BLR,2026-10-16,AirIndia,4542.221094713858
BOM,BLR,2026-10-16,Akasa,4305.111047490987
DEL,CCU,2026-09-02,MakeMyTrip,11538.758755619469
DEL,CCU,2026-09-02,Ixigo,11534.382789983692
DEL,CCU,2026-09-02,IndiGo,12121.309563185756
DEL,CCU,2026-09-02,AirIndia,11824.323806804388
DEL,CCU,2026-09-02,Akasa,11770.868573795937
DEL,CCU,2026-09-08,MakeMyTrip,9477.460811331384
DEL,CCU,2026-09-08,Ixigo,9572.556057979955
DEL,CCU,2026-09-08,IndiGo,9268.192243334293
DEL,CCU,2026-09-08,AirIndia,9665.547194586397
DEL,CCU,2026-09-08,Akasa,9418.823225574173
DEL,CCU,2026-09-16,MakeMyTrip,8211.910403424927
DEL,CCU,2026-09-16,Ixigo,8153.348621347983
DEL,CCU,2026-09-16,IndiGo,8192.947902415952
DEL,CCU,2026-09-16,AirIndia,7928.321987583522
DEL,CCU,2026-09-16,Akasa,7864.478010684546
DEL,CCU,2026-10-01,MakeMyTrip,6821.004608595655
DEL,CCU,2026-10-01,Ixigo,6977.658600659944
DEL,CCU,2026-10-01,IndiGo,7011.172122844545
DEL,CCU,2026-10-01,AirIndia,6537.736826274015
DEL,CCU,2026-10-01,Akasa,6630.249173369827
DEL,CCU,2026-10-16,MakeMyTrip,6034.742363419484
DEL,CCU,2026-10-16,Ixigo,6043.4277235168975
DEL,CCU,2026-10-16,IndiGo,5803.146837290828
DEL,CCU,2026-10-16,AirIndia,6009.266897555599
DEL,CCU,2026-10-16,Akasa,5990.644437303501
BLR,HYD,2026-09-02,MakeMyTrip,6134.269521388173
BLR,HYD,2026-09-02,Ixigo,6338.041124593492
BLR,HYD,2026-09-02,IndiGo,6256.714038237149
BLR,HYD,2026-09-02,AirIndia,6121.923081202227
BLR,HYD,2026-09-02,Akasa,6047.798649648165
BLR,HYD,2026-09-08,MakeMyTrip,5289.201197217432
BLR,HYD,2026-09-08,Ixigo,4860.20276905577
BLR,HYD,2026-09-08,IndiGo,5045.257565201461
BLR,HYD,2026-09-08,AirIndia,4960.5659548013355
BLR,HYD,2026-09-08,Akasa,4852.788756563447
BLR,HYD,2026-09-16,MakeMyTrip,4116.667253181611
BLR,HYD,2026-09-16,Ixigo,4129.239026927033
BLR,HYD,2026-09-16,IndiGo,4410.262016175754
BLR,HYD,2026-09-16,AirIndia,4180.358004055253
BLR,HYD,2026-10-01,MakeMyTrip,3601.26195287296
BLR,HYD,2026-10-01,Ixigo,3716.447204048779
BLR,HYD,2026-10-01,IndiGo,3627.0508550113614
BLR,HYD,2026-10-01,AirIndia,3704.902313880069
BLR,HYD,2026-10-01,Akasa,3833.9790257985915
BLR,HYD,2026-10-16,MakeMyTrip,3135.49680684236
BLR,HYD,2026-10-16,Ixigo,3313.26701634222
BLR,HYD,2026-10-16,IndiGo,3158.807487905957
BLR,HYD,2026-10-16,AirIndia,3267.1999510134137
MAA,DEL,2026-09-02,MakeMyTrip,12598.967315460697
MAA,DEL,2026-09-02,Ixigo,13230.841830806332
MAA,DEL,2026-09-02,IndiGo,13405.779988960765
MAA,DEL,2026-09-02,AirIndia,13297.482308438506
MAA,DEL,2026-09-02,Akasa,12881.659407463418
MAA,DEL,2026-09-08,MakeMyTrip,9944.006791350035
MAA,DEL,2026-09-08,Ixigo,10370.938442021376
MAA,DEL,2026-09-08,IndiGo,10001.381427913711
MAA,DEL,2026-09-08,AirIndia,10093.584874130807
MAA,DEL,2026-09-08,Akasa,10280.862912983452
MAA,DEL,2026-09-16,MakeMyTrip,9077.5917247008
MAA,DEL,2026-09-16,Ixigo,8898.670669401354
MAA,DEL,2026-09-16,IndiGo,8373.796219592368
MAA,DEL,2026-09-16,AirIndia,8801.735039540812
MAA,DEL,2026-09-16,Akasa,8687.470369819506
MAA,DEL,2026-10-01,MakeMyTrip,7430.117901680638
MAA,DEL,2026-10-01,Ixigo,7770.385330399855
MAA,DEL,2026-10-01,IndiGo,7273.539727301622
MAA,DEL,2026-10-01,AirIndia,7497.257969973438
MAA,DEL,2026-10-01,Akasa,7377.890271745462
MAA,DEL,2026-10-16,MakeMyTrip,6894.207921532211
MAA,DEL,2026-10-16,Ixigo,6346.0850768289765
MAA,DEL,2026-10-16,IndiGo,6408.738720767238
MAA,DEL,2026-10-16,AirIndia,6865.819243578941
MAA,DEL,2026-10-16,Akasa,6419.880824804491
DEL,BOM,2026-09-03,MakeMyTrip,10101.161443952331
DEL,BOM,2026-09-03,Ixigo,10343.412698938979
DEL,BOM,2026-09-03,IndiGo,10290.059399223526
DEL,BOM,2026-09-03,AirIndia,10778.759483963015
DEL,BOM,2026-09-03,Akasa,10886.251187351863
DEL,BOM,2026-09-09,MakeMyTrip,8477.800407431292
DEL,BOM,2026-09-09,Ixigo,8223.484263174589
DEL,BOM,2026-09-09,IndiGo,8105.304003692345
DEL,BOM,2026-09-09,AirIndia,8765.730666837395
DEL,BOM,2026-09-17,MakeMyTrip,7334.152724477784
DEL,BOM,2026-09-17,Ixigo,7284.252751624543
DEL,BOM,2026-09-17,AirIndia,7133.589796376932
DEL,BOM,2026-09-17,Akasa,7295.21510455876
DEL,BOM,2026-10-02,MakeMyTrip,6372.134430558685
DEL,BOM,2026-10-02,Ixigo,6241.351632174955
DEL,BOM,2026-10-02,IndiGo,6368.404362762469
DEL,BOM,2026-10-02,AirIndia,6291.63615373803
DEL,BOM,2026-10-02,Akasa,6313.211783498216
DEL,BOM,2026-10-17,MakeMyTrip,5366.7001058391525
DEL,BOM,2026-10-17,IndiGo,5563.095855698619
DEL,BOM,2026-10-17,Akasa,5412.493812507017
DEL,BLR,2026-09-03,MakeMyTrip,13619.077114680531
DEL,BLR,2026-09-03,Ixigo,14300.016842886984
DEL,BLR,2026-09-03,IndiGo,13685.283490916547
DEL,BLR,2026-09-03,AirIndia,13642.693977089804
DEL,BLR,2026-09-03,Akasa,13749.048833500097
DEL,BLR,2026-09-09,MakeMyTrip,10887.222246271465
DEL,BLR,2026-09-09,Ixigo,10520.334449512857
DEL,BLR,2026-09-09,IndiGo,11111.923932893213
DEL,BLR,2026-09-09,AirIndia,11186.160238811746
DEL,BLR,2026-09-09,Akasa,10867.405485957039
DEL,BLR,2026-09-17,MakeMyTrip,9099.458495864776
DEL,BLR,2026-09-17,Ixigo,8917.455311998134
DEL,BLR,2026-09-17,IndiGo,9490.867609825285
DEL,BLR,2026-09-17,AirIndia,9642.47920818389
DEL,BLR,2026-09-17,Akasa,9200.931235992044
DEL,BLR,2026-10-02,MakeMyTrip,7639.233110931385
DEL,BLR,2026-10-02,Ixigo,7823.188149074275
DEL,BLR,2026-10-02,IndiGo,7761.55025912773
DEL,BLR,2026-10-02,AirIndia,7964.310657111471
DEL,BLR,2026-10-02,Akasa,7947.383365071678
DEL,BLR,2026-10-17,MakeMyTrip,7345.865717674796
DEL,BLR,2026-10-17,Ixigo,7168.702997498102
DEL,BLR,2026-10-17,IndiGo,7294.895661017836
DEL,BLR,2026-10-17,AirIndia,6757.006186927404
DEL,BLR,2026-10-17,Akasa,7169.16235075047
BOM,BLR,2026-09-03,MakeMyTrip,8759.78882839584
BOM,BLR,2026-09-03,Ixigo,8805.526283900796
BOM,BLR,2026-09-03,IndiGo,8847.865145099877
BOM,BLR,2026-09-03,AirIndia,8509.548362831298
BOM,BLR,2026-09-03,Akasa,8959.498756330879
BOM,BLR,2026-09-09,MakeMyTrip,7311.555606758807
BOM,BLR,2026-09-09,Ixigo,6714.728111982945
BOM,BLR,2026-09-09,IndiGo,7233.735588468002
BOM,BLR,2026-09-09,AirIndia,6992.143519561982
BOM,BLR,2026-09-09,Akasa,7044.436118103821
BOM,BLR,2026-09-17,MakeMyTrip,5851.5695679293885
BOM,BLR,2026-09-17,Ixigo,5707.819508961449
BOM,BLR,2026-09-17,IndiGo,6050.631344088104
BOM,BLR,2026-09-17,AirIndia,5844.088504058766
BOM,BLR,2026-09-17,Akasa,6164.46488181026
BOM,BLR,2026-10-02,MakeMyTrip,4965.893729931156
BOM,BLR,2026-10-02,Ixigo,5099.293952500119
BOM,BLR,2026-10-02,IndiGo,4935.08042619341
BOM,BLR,2026-10-02,AirIndia,5103.841358818382
BOM,BLR,2026-10-02,Akasa,4858.421956620385
BOM,BLR,2026-10-17,MakeMyTrip,4514.500719523341
BOM,BLR,2026-10-17,Ixigo,4626.881036874318
BOM,BLR,2026-10-17,IndiGo,4485.469459071743
BOM,BLR,2026-10-17,AirIndia,4567.258856068611
BOM,BLR,2026-10-17,Akasa,4426.2560606416955
DEL,CCU,2026-09-03,MakeMyTrip,11304.42208294586
DEL,CCU,2026-09-03,Ixigo,11415.258989639593
DEL,CCU,2026-09-03,IndiGo,12057.6301829604
DEL,CCU,2026-09-03,AirIndia,11800.857283101524
DEL,CCU,2026-09-03,Akasa,11907.573582827099
DEL,CCU,2026-09-09,MakeMyTrip,9576.12573272001
DEL,CCU,2026-09-09,Ixigo,9815.263623180763
DEL,CCU,2026-09-09,IndiGo,9690.477811361017
DEL,CCU,2026-09-09,AirIndia,9845.210504843442
DEL,CCU,2026-09-09,Akasa,9167.945848220374
DEL,CCU,2026-09-17,MakeMyTrip,7567.636039565527
DEL,CCU,2026-09-17,Ixigo,7589.046722505989
DEL,CCU,2026-09-17,IndiGo,7563.075701539452
DEL,CCU,2026-09-17,AirIndia,7946.831938902338
DEL,CCU,2026-09-17,Akasa,7600.384281838779
DEL,CCU,2026-10-02,MakeMyTrip,6896.608503683069
DEL,CCU,2026-10-02,Ixigo,7003.791623256
DEL,CCU,2026-10-02,IndiGo,6678.2648353150535
DEL,CCU,2026-10-02,AirIndia,6968.666723814746
DEL,CCU,2026-10-02,Akasa,6950.221835570201
DEL,CCU,2026-10-17,MakeMyTrip,6109.021041874884
DEL,CCU,2026-10-17,Ixigo,5891.5294279241225
DEL,CCU,2026-10-17,IndiGo,5884.633235443184
DEL,CCU,2026-10-17,AirIndia,5218.4211993894905
DEL,CCU,2026-10-17,Akasa,6267.901798724618
BLR,HYD,2026-09-03,MakeMyTrip,6277.488109296763
BLR,HYD,2026-09-03,Ixigo,6401.661101431803
BLR,HYD,2026-09-03,IndiGo,6186.712341857455
BLR,HYD,2026-09-03,AirIndia,6172.654695526617
BLR,HYD,2026-09-03,Akasa,6097.364032555637
BLR,HYD,2026-09-09,MakeMyTrip,5188.856188592929
BLR,HYD,2026-09-09,Ixigo,5261.946762588611
BLR,HYD,2026-09-09,IndiGo,4931.01359457247
BLR,HYD,2026-09-09,AirIndia,4855.91959801241
BLR,HYD,2026-09-09,Akasa,4975.6835304061515
BLR,HYD,2026-09-17,MakeMyTrip,3600.111326919952
BLR,HYD,2026-09-17,Ixigo,4444.713896524873
BLR,HYD,2026-09-17,IndiGo,4413.1520495711
BLR,HYD,2026-09-17,AirIndia,4435.722493489966
BLR,HYD,2026-09-17,Akasa,4440.843529139173
BLR,HYD,2026-10-02,Ixigo,3838.0717057479096
BLR,HYD,2026-10-02,IndiGo,3789.2857028398535
BLR,HYD,2026-10-02,AirIndia,3683.5110328844257
BLR,HYD,2026-10-02,Akasa,3617.358836375825
BLR,HYD,2026-10-17,MakeMyTrip,3430.8516945255824
BLR,HYD,2026-10-17,Ixigo,3221.515335386426
BLR,HYD,2026-10-17,IndiGo,3303.0628448003667
BLR,HYD,2026-10-17,AirIndia,3195.45689590787
BLR,HYD,2026-10-17,Akasa,3328.759572476816
MAA,DEL,2026-09-03,MakeMyTrip,12516.408640478741
MAA,DEL,2026-09-03,Ixigo,13185.693281054664
MAA,DEL,2026-09-03,IndiGo,13500.93565984492
MAA,DEL,2026-09-03,AirIndia,12475.467081402137
MAA,DEL,2026-09-03,Akasa,13228.952763435123
MAA,DEL,2026-09-09,MakeMyTrip,10827.528218714437
MAA,DEL,2026-09-09,Ixigo,10008.281233684636
MAA,DEL,2026-09-09,IndiGo,10056.374648524374
MAA,DEL,2026-09-09,AirIndia,10718.7118780159
MAA,DEL,2026-09-09,Akasa,10065.23121466715
MAA,DEL,2026-09-17,MakeMyTrip,8404.853497910055
MAA,DEL,2026-09-17,Ixigo,8662.47337361638
MAA,DEL,2026-09-17,IndiGo,8349.84677581632
MAA,DEL,2026-09-17,AirIndia,8471.68645935334
MAA,DEL,2026-09-17,Akasa,8917.586964402784
MAA,DEL,2026-10-02,MakeMyTrip,7150.681020541107
MAA,DEL,2026-10-02,Ixigo,7709.592455950375
MAA,DEL,2026-10-02,IndiGo,7249.6938151459735
MAA,DEL,2026-10-02,AirIndia,7550.779256923548
MAA,DEL,2026-10-02,Akasa,7729.171695241434
MAA,DEL,2026-10-17,MakeMyTrip,6814.764429861452
MAA,DEL,2026-10-17,IndiGo,6737.302665557366
MAA,DEL,2026-10-17,AirIndia,6872.591929143221
MAA,DEL,2026-10-17,Akasa,6655.984086603623
DEL,BOM,2026-09-04,MakeMyTrip,10552.84541977658
DEL,BOM,2026-09-04,Ixigo,10849.072523400608
DEL,BOM,2026-09-04,IndiGo,10924.77842347554
DEL,BOM,2026-09-04,AirIndia,10911.350338706354
DEL,BOM,2026-09-04,Akasa,11031.508998802361
DEL,BOM,2026-09-10,MakeMyTrip,8325.335530115804
DEL,BOM,2026-09-10,Ixigo,8392.4935900351
DEL,BOM,2026-09-10,IndiGo,8412.103235880852
DEL,BOM,2026-09-10,Akasa,8608.759549109021
DEL,BOM,2026-09-18,MakeMyTrip,6875.983460949146
DEL,BOM,2026-09-18,Ixigo,7419.633356990065
DEL,BOM,2026-09-18,IndiGo,7359.2978655129655
DEL,BOM,2026-09-18,AirIndia,7387.462491560103
DEL,BOM,2026-09-18,Akasa,6865.364655813824
DEL,BOM,2026-10-03,MakeMyTrip,6236.387968525245
DEL,BOM,2026-10-03,Ixigo,6007.485995694107
DEL,BOM,2026-10-03,IndiGo,6369.415076534644
DEL,BOM,2026-10-03,AirIndia,5990.884778130678
DEL,BOM,2026-10-03,Akasa,6386.976115169591
DEL,BOM,2026-10-18,MakeMyTrip,5204.934112021449
DEL,BOM,2026-10-18,Ixigo,5238.0187950464715
DEL,BOM,2026-10-18,IndiGo,5310.331925332079
DEL,BOM,2026-10-18,AirIndia,5655.0192030368335
DEL,BOM,2026-10-18,Akasa,5600.578080600997
DEL,BLR,2026-09-04,MakeMyTrip,13255.237484733503
DEL,BLR,2026-09-04,Ixigo,13405.862545609807
DEL,BLR,2026-09-04,IndiGo,14262.424293813108
DEL,BLR,2026-09-04,AirIndia,14217.701037326111
DEL,BLR,2026-09-04,Akasa,13663.087729937834
DEL,BLR,2026-09-10,MakeMyTrip,11416.057784284656
DEL,BLR,2026-09-10,Ixigo,11576.14597535617
DEL,BLR,2026-09-10,IndiGo,10817.821406968123
DEL,BLR,2026-09-10,AirIndia,10980.243510059214
DEL,BLR,2026-09-10,Akasa,11580.554007641293
DEL,BLR,2026-09-18,MakeMyTrip,9050.115903553256
DEL,BLR,2026-09-18,Ixigo,9398.117051792877
DEL,BLR,2026-09-18,IndiGo,8942.0170939583
DEL,BLR,2026-09-18,AirIndia,8942.477790984936
DEL,BLR,2026-09-18,Akasa,8825.715146305245
DEL,BLR,2026-10-03,MakeMyTrip,8075.650304835795
DEL,BLR,2026-10-03,Ixigo,7885.648565775883
DEL,BLR,2026-10-03,IndiGo,7638.695233164101
DEL,BLR,2026-10-03,AirIndia,8047.659878709174
DEL,BLR,2026-10-03,Akasa,7698.410535415915
DEL,BLR,2026-10-18,MakeMyTrip,6930.038070391942
DEL,BLR,2026-10-18,Ixigo,7022.044851315661
DEL,BLR,2026-10-18,IndiGo,6862.031833804486
DEL,BLR,2026-10-18,AirIndia,7218.176681223919
DEL,BLR,2026-10-18,Akasa,7045.170946943499
BOM,BLR,2026-09-04,MakeMyTrip,8408.829533964095
BOM,BLR,2026-09-04,Ixigo,8302.0679989795
BOM,BLR,2026-09-04,IndiGo,8783.78241725956
BOM,BLR,2026-09-04,AirIndia,8668.432255134627
BOM,BLR,2026-09-04,Akasa,8691.556011539182
BOM,BLR,2026-09-10,MakeMyTrip,6840.805325497151
BOM,BLR,2026-09-10,Ixigo,6850.128330717429
BOM,BLR,2026-09-10,IndiGo,7035.357426332419
BOM,BLR,2026-09-10,AirIndia,7177.702475098264
BOM,BLR,2026-09-10,Akasa,6875.288202450333
BOM,BLR,2026-09-18,MakeMyTrip,5853.3693878528375
BOM,BLR,2026-09-18,Ixigo,6130.967873565611
BOM,BLR,2026-09-18,IndiGo,6163.997071419524
BOM,BLR,2026-09-18,AirIndia,6075.017065387916
BOM,BLR,2026-09-18,Akasa,5905.698368382666
BOM,BLR,2026-10-03,MakeMyTrip,4983.979305034949
BOM,BLR,2026-10-03,IndiGo,5159.687455375911
BOM,BLR,2026-10-03,AirIndia,5019.524610276487
BOM,BLR,2026-10-03,Akasa,5096.770527625102
BOM,BLR,2026-10-18,MakeMyTrip,4377.785212805266
BOM,BLR,2026-10-18,Ixigo,4436.611702808014
BOM,BLR,2026-10-18,IndiGo,4435.4683100886
BOM,BLR,2026-10-18,AirIndia,4585.311034992
BOM,BLR,2026-10-18,Akasa,4467.979552171215
DEL,CCU,2026-09-04,MakeMyTrip,12260.05496614065
DEL,CCU,2026-09-04,Ixigo,11383.221083563398
DEL,CCU,2026-09-04,AirIndia,12149.833274362876
DEL,CCU,2026-09-04,Akasa,11266.977960088128
DEL,CCU,2026-09-10,MakeMyTrip,9646.070747288884
DEL,CCU,2026-09-10,Ixigo,9399.425837198585
DEL,CCU,2026-09-10,IndiGo,9656.020872882515
DEL,CCU,2026-09-10,AirIndia,9870.308212871147
DEL,CCU,2026-09-10,Akasa,9046.155590874938
DEL,CCU,2026-09-18,MakeMyTrip,7521.104223169711
DEL,CCU,2026-09-18,Ixigo,7864.873229026628
DEL,CCU,2026-09-18,IndiGo,7595.1527057134335
DEL,CCU,2026-09-18,AirIndia,7730.2595760745035
DEL,CCU,2026-09-18,Akasa,8081.594837780655
DEL,CCU,2026-10-03,MakeMyTrip,6572.957710760146
DEL,CCU,2026-10-03,Ixigo,6865.372931260881
DEL,CCU,2026-10-03,IndiGo,6514.037505532766
DEL,CCU,2026-10-03,AirIndia,6843.062902808973
DEL,CCU,2026-10-03,Akasa,6881.58886573324
DEL,CCU,2026-10-18,MakeMyTrip,6229.507935788267
DEL,CCU,2026-10-18,Ixigo,5929.2910785192935
DEL,CCU,2026-10-18,IndiGo,6224.801281885511
DEL,CCU,2026-10-18,AirIndia,5757.512599614616
DEL,CCU,2026-10-18,Akasa,6114.654191810097
BLR,HYD,2026-09-04,MakeMyTrip,6409.015244692794
BLR,HYD,2026-09-04,Ixigo,6519.8183239924665
BLR,HYD,2026-09-04,IndiGo,6076.266935809996
BLR,HYD,2026-09-04,AirIndia,6321.433554242131
BLR,HYD,2026-09-04,Akasa,6347.544491894613
BLR,HYD,2026-09-10,MakeMyTrip,4970.217883726373
BLR,HYD,2026-09-10,IndiGo,5123.897875399624
BLR,HYD,2026-09-10,AirIndia,4955.62817564016
BLR,HYD,2026-09-10,Akasa,5075.052731364074
BLR,HYD,2026-09-18,MakeMyTrip,4382.202846551703
BLR,HYD,2026-09-18,Ixigo,4303.017195704927
BLR,HYD,2026-09-18,IndiGo,4450.144706959269
BLR,HYD,2026-09-18,AirIndia,4440.742187819542
BLR,HYD,2026-09-18,Akasa,4223.302601114385
BLR,HYD,2026-10-03,MakeMyTrip,3632.422440077613
BLR,HYD,2026-10-03,Ixigo,3664.8397073988604
BLR,HYD,2026-10-03,IndiGo,3791.99048685754
BLR,HYD,2026-10-03,AirIndia,3695.4231779880347
BLR,HYD,2026-10-03,Akasa,3764.2147911180073
BLR,HYD,2026-10-18,MakeMyTrip,3237.312334589047
BLR,HYD,2026-10-18,IndiGo,3383.1799754995614
BLR,HYD,2026-10-18,AirIndia,3165.774441159955
BLR,HYD,2026-10-18,Akasa,3375.4200470423025
MAA,DEL,2026-09-04,MakeMyTrip,13375.38547353641
MAA,DEL,2026-09-04,Ixigo,13288.65184402697
MAA,DEL,2026-09-04,IndiGo,13228.85522507189
MAA,DEL,2026-09-04,AirIndia,12742.930007057466
MAA,DEL,2026-09-04,Akasa,13068.196394770071
MAA,DEL,2026-09-10,MakeMyTrip,10508.698429664584
MAA,DEL,2026-09-10,Ixigo,10037.503078850543
MAA,DEL,2026-09-10,Akasa,10327.152004921036
MAA,DEL,2026-09-18,MakeMyTrip,8693.002588977468
MAA,DEL,2026-09-18,Ixigo,8476.160997676292
MAA,DEL,2026-09-18,Akasa,8870.117050733934
MAA,DEL,2026-10-03,MakeMyTrip,7861.55276192306
MAA,DEL,2026-10-03,Ixigo,7808.184366106672
MAA,DEL,2026-10-03,AirIndia,7801.40881228987
MAA,DEL,2026-10-03,Akasa,7670.362242436318
MAA,DEL,2026-10-18,MakeMyTrip,6685.180097031869
MAA,DEL,2026-10-18,Ixigo,6460.453373288059
MAA,DEL,2026-10-18,IndiGo,6748.898516646313
MAA,DEL,2026-10-18,AirIndia,6764.949506399632
MAA,DEL,2026-10-18,Akasa,6768.065526430208
DEL,BOM,2026-09-05,MakeMyTrip,10749.166289553272
DEL,BOM,2026-09-05,IndiGo,10955.008024192186
DEL,BOM,2026-09-05,AirIndia,11074.20981358402
DEL,BOM,2026-09-05,Akasa,10126.64921607979
DEL,BOM,2026-09-11,MakeMyTrip,8256.811899554456
DEL,BOM,2026-09-11,Ixigo,8367.174396848433
DEL,BOM,2026-09-11,IndiGo,8777.550484477126
DEL,BOM,2026-09-11,AirIndia,8575.521342836546
DEL,BOM,2026-09-19,MakeMyTrip,7022.637690888447
DEL,BOM,2026-09-19,IndiGo,7179.292413275753
DEL,BOM,2026-09-19,AirIndia,7321.254109606929
DEL,BOM,2026-09-19,Akasa,7301.819331321054
DEL,BOM,2026-10-04,MakeMyTrip,6013.714086707755
DEL,BOM,2026-10-04,Ixigo,5964.071332378185
DEL,BOM,2026-10-04,IndiGo,6328.1995403186
DEL,BOM,2026-10-04,AirIndia,5915.944226827787
DEL,BOM,2026-10-04,Akasa,5904.2685352470535
DEL,BOM,2026-10-19,MakeMyTrip,5463.313393420482
DEL,BOM,2026-10-19,Ixigo,5217.213477835494
DEL,BOM,2026-10-19,IndiGo,5239.403183192344
DEL,BOM,2026-10-19,AirIndia,5261.695843426299
DEL,BOM,2026-10-19,Akasa,5646.73505550337
DEL,BLR,2026-09-05,MakeMyTrip,14398.26767495258
DEL,BLR,2026-09-05,Ixigo,13789.740467572909
DEL,BLR,2026-09-05,IndiGo,13237.499346227067
DEL,BLR,2026-09-05,AirIndia,13854.005723806524
DEL,BLR,2026-09-05,Akasa,14337.998402838002
DEL,BLR,2026-09-11,MakeMyTrip,10578.905975837351
DEL,BLR,2026-09-11,Ixigo,11140.174227270154
DEL,BLR,2026-09-11,IndiGo,10810.802830076493
DEL,BLR,2026-09-11,AirIndia,11305.313897675216
DEL,BLR,2026-09-11,Akasa,11603.197864269194
DEL,BLR,2026-09-19,MakeMyTrip,9663.304900104966
DEL,BLR,2026-09-19,Ixigo,9191.4748425818
DEL,BLR,2026-09-19,IndiGo,9635.63012356593
DEL,BLR,2026-09-19,AirIndia,9566.083728736006
DEL,BLR,2026-09-19,Akasa,9356.209113327908
DEL,BLR,2026-10-04,MakeMyTrip,7735.19165995543
DEL,BLR,2026-10-04,Ixigo,7578.582730977561
DEL,BLR,2026-10-04,IndiGo,7688.776810865777
DEL,BLR,2026-10-04,AirIndia,8018.358357452525
DEL,BLR,2026-10-04,Akasa,7768.5576354906825
DEL,BLR,2026-10-19,MakeMyTrip,5873.310772558198
DEL,BLR,2026-10-19,IndiGo,7335.233882426649
DEL,BLR,2026-10-19,AirIndia,7054.613704864488
DEL,BLR,2026-10-19,Akasa,6992.03619440613
BOM,BLR,2026-09-05,MakeMyTrip,9042.837350548234
BOM,BLR,2026-09-05,Ixigo,8634.770301594595
BOM,BLR,2026-09-05,AirIndia,8389.845480325761
BOM,BLR,2026-09-05,Akasa,9061.936685925377
BOM,BLR,2026-09-11,MakeMyTrip,7075.480323183096
BOM,BLR,2026-09-11,Ixigo,7126.774884151639
BOM,BLR,2026-09-11,IndiGo,7312.869060034704
BOM,BLR,2026-09-11,AirIndia,6882.328551095639
BOM,BLR,2026-09-11,Akasa,6867.710832087136
BOM,BLR,2026-09-19,MakeMyTrip,5933.603535280656
BOM,BLR,2026-09-19,Ixigo,5804.744139498526
BOM,BLR,2026-09-19,IndiGo,6050.934057305045
BOM,BLR,2026-09-19,AirIndia,5756.160125192306
BOM,BLR,2026-09-19,Akasa,5706.820989285127
BOM,BLR,2026-10-04,MakeMyTrip,5166.542372087809
BOM,BLR,2026-10-04,Ixigo,4867.481750531054
BOM,BLR,2026-10-04,IndiGo,5282.989470910426
BOM,BLR,2026-10-04,AirIndia,5114.8696696819
BOM,BLR,2026-10-04,Akasa,5110.0410333102145
BOM,BLR,2026-10-19,MakeMyTrip,4565.936105613215
BOM,BLR,2026-10-19,Ixigo,4652.64890348742
BOM,BLR,2026-10-19,IndiGo,4610.293251216777
BOM,BLR,2026-10-19,AirIndia,4677.453351650331
BOM,BLR,2026-10-19,Akasa,4457.100350735598
DEL,CCU,2026-09-05,MakeMyTrip,11319.908275063974
DEL,CCU,2026-09-05,Ixigo,12034.279875158387
DEL,CCU,2026-09-05,IndiGo,12057.125245537221
DEL,CCU,2026-09-05,AirIndia,11275.84091440241
DEL,CCU,2026-09-05,Akasa,12043.679604898758
DEL,CCU,2026-09-11,MakeMyTrip,9496.99016497344
DEL,CCU,2026-09-11,IndiGo,9363.373623033413
DEL,CCU,2026-09-11,AirIndia,9140.58504471315
DEL,CCU,2026-09-11,Akasa,9190.112250630496
DEL,CCU,2026-09-19,MakeMyTrip,8039.268608059338
DEL,CCU,2026-09-19,Ixigo,8218.977715161429
DEL,CCU,2026-09-19,IndiGo,8111.211238004093
DEL,CCU,2026-09-19,AirIndia,7537.049458461087
DEL,CCU,2026-09-19,Akasa,7624.424222232246
DEL,CCU,2026-10-04,MakeMyTrip,6844.370715439103
DEL,CCU,2026-10-04,Ixigo,6999.056433460586
DEL,CCU,2026-10-04,IndiGo,6681.709994421846
DEL,CCU,2026-10-04,AirIndia,6621.71437415237
DEL,CCU,2026-10-04,Akasa,6694.380507457595
DEL,CCU,2026-10-19,MakeMyTrip,5849.764225011317
DEL,CCU,2026-10-19,Ixigo,6109.859380513944
DEL,CCU,2026-10-19,IndiGo,5834.716699004975
DEL,CCU,2026-10-19,AirIndia,6286.041219483193
DEL,CCU,2026-10-19,Akasa,5835.7186822085
BLR,HYD,2026-09-05,MakeMyTrip,6137.066717480841
BLR,HYD,2026-09-05,Ixigo,6297.923989256906
BLR,HYD,2026-09-05,IndiGo,6010.536806780161
BLR,HYD,2026-09-05,Akasa,6591.204860813759
BLR,HYD,2026-09-11,MakeMyTrip,4951.176242035057
BLR,HYD,2026-09-11,Ixigo,5147.649708224914
BLR,HYD,2026-09-11,IndiGo,5307.507709704422
BLR,HYD,2026-09-11,AirIndia,5165.097665945158
BLR,HYD,2026-09-11,Akasa,4889.383436798165
BLR,HYD,2026-09-19,MakeMyTrip,4258.170449350312
BLR,HYD,2026-09-19,Ixigo,4173.519613117602
BLR,HYD,2026-09-19,IndiGo,4259.5063466019255
BLR,HYD,2026-09-19,AirIndia,4183.351829287253
BLR,HYD,2026-09-19,Akasa,4271.297447737117
BLR,HYD,2026-10-04,MakeMyTrip,3545.7261518692185
BLR,HYD,2026-10-04,Ixigo,3662.8924037772563
BLR,HYD,2026-10-04,IndiGo,3728.462016226892
BLR,HYD,2026-10-04,AirIndia,3557.233529743405
BLR,HYD,2026-10-04,Akasa,3806.4605188488395
BLR,HYD,2026-10-19,MakeMyTrip,3315.857917362374
BLR,HYD,2026-10-19,IndiGo,3207.1672544332
BLR,HYD,2026-10-19,AirIndia,3253.672890984273
BLR,HYD,2026-10-19,Akasa,3420.846132382838
MAA,DEL,2026-09-05,MakeMyTrip,13578.045968887254
MAA,DEL,2026-09-05,Ixigo,13665.83993901519
MAA,DEL,2026-09-05,IndiGo,12497.466635897385
MAA,DEL,2026-09-05,AirIndia,12676.095946698377
MAA,DEL,2026-09-05,Akasa,12802.016808417651
MAA,DEL,2026-09-11,MakeMyTrip,10972.625690214116
MAA,DEL,2026-09-11,Ixigo,10433.776382574775
MAA,DEL,2026-09-11,IndiGo,10290.75617027675
MAA,DEL,2026-09-11,AirIndia,10858.655470195888
MAA,DEL,2026-09-11,Akasa,10380.903624175908
MAA,DEL,2026-09-19,MakeMyTrip,8598.713279065078
MAA,DEL,2026-09-19,Ixigo,8538.861820822027
MAA,DEL,2026-09-19,IndiGo,8764.261725321056
MAA,DEL,2026-09-19,AirIndia,8993.915426135703
MAA,DEL,2026-09-19,Akasa,9141.84653707991
MAA,DEL,2026-10-04,MakeMyTrip,7221.764863848036
MAA,DEL,2026-10-04,Ixigo,7752.178769909962
MAA,DEL,2026-10-04,IndiGo,7529.999879432722
MAA,DEL,2026-10-04,AirIndia,7549.266974317023
MAA,DEL,2026-10-04,Akasa,7682.837317393749
MAA,DEL,2026-10-19,MakeMyTrip,6619.940928145507
MAA,DEL,2026-10-19,Ixigo,6906.854295119778
MAA,DEL,2026-10-19,IndiGo,6782.626058988678
MAA,DEL,2026-10-19,AirIndia,6494.4387152889085
MAA,DEL,2026-10-19,Akasa,6662.476338451483
DEL,BOM,2026-09-05,GoogleFlights,5985.0
DEL,BOM,2026-09-05,GoogleFlights,6425.0
DEL,BOM,2026-09-05,GoogleFlights,6425.0
DEL,BOM,2026-09-11,GoogleFlights,5985.0
DEL,BOM,2026-09-11,GoogleFlights,6425.0
DEL,BOM,2026-09-11,GoogleFlights,6425.0
DEL,BOM,2026-09-19,GoogleFlights,6425.0
DEL,BOM,2026-09-19,GoogleFlights,6425.0
DEL,BOM,2026-09-19,GoogleFlights,6425.0
DEL,BLR,2026-09-05,GoogleFlights,8883.0
DEL,BLR,2026-09-05,GoogleFlights,8883.0
DEL,BLR,2026-09-05,GoogleFlights,8883.0
DEL,BLR,2026-09-11,GoogleFlights,8386.0
DEL,BLR,2026-09-11,GoogleFlights,8724.0
DEL,BLR,2026-09-11,GoogleFlights,8724.0
DEL,BLR,2026-09-19,GoogleFlights,8724.0
DEL,BLR,2026-09-19,GoogleFlights,8724.0
DEL,BLR,2026-09-19,GoogleFlights,8724.0
DEL,BOM,2026-09-05,GoogleFlights,5985.0
DEL,BOM,2026-09-05,GoogleFlights,6425.0
DEL,BOM,2026-09-05,GoogleFlights,6425.0
DEL,BOM,2026-09-11,GoogleFlights,5985.0
DEL,BOM,2026-09-11,GoogleFlights,6425.0
DEL,BOM,2026-09-11,GoogleFlights,6425.0
DEL,BOM,2026-09-19,GoogleFlights,6425.0
DEL,BOM,2026-09-19,GoogleFlights,6425.0
DEL,BOM,2026-09-19,GoogleFlights,6425.0
DEL,BLR,2026-09-05,GoogleFlights,8883.0
DEL,BLR,2026-09-05,GoogleFlights,8883.0
DEL,BLR,2026-09-05,GoogleFlights,8883.0
DEL,BLR,2026-09-11,GoogleFlights,8386.0
DEL,BLR,2026-09-11,GoogleFlights,8724.0
DEL,BLR,2026-09-11,GoogleFlights,8724.0
DEL,BLR,2026-09-19,GoogleFlights,8724.0
DEL,BLR,2026-09-19,GoogleFlights,8724.0
DEL,BLR,2026-09-19,GoogleFlights,8724.0
DEL,BOM,2026-09-05,GoogleFlights,5985.0
DEL,BOM,2026-09-05,GoogleFlights,6425.0
DEL,BOM,2026-09-05,GoogleFlights,6425.0
DEL,BOM,2026-09-11,GoogleFlights,5985.0
DEL,BOM,2026-09-11,GoogleFlights,6425.0
DEL,BOM,2026-09-11,GoogleFlights,6425.0
DEL,BOM,2026-09-19,GoogleFlights,6425.0
DEL,BOM,2026-09-19,GoogleFlights,6425.0
DEL,BOM,2026-09-19,GoogleFlights,6425.0
DEL,BLR,2026-09-05,GoogleFlights,8883.0
DEL,BLR,2026-09-05,GoogleFlights,8883.0
DEL,BLR,2026-09-05,GoogleFlights,8883.0
DEL,BLR,2026-09-11,GoogleFlights,8386.0
DEL,BLR,2026-09-11,GoogleFlights,8724.0
DEL,BLR,2026-09-11,GoogleFlights,8724.0
DEL,BLR,2026-09-19,GoogleFlights,8724.0
DEL,BLR,2026-09-19,GoogleFlights,8724.0
DEL,BLR,2026-09-19,GoogleFlights,8724.0
